time,x,y,velocity_x,velocity_y,acceleration_x,acceleration_y,theta,firing
0,0,0,0,0,0,0,0,0
0.1,6.9525e-05,0.00149839,0.0013905,0.0299678,0.013905,0.299678,-64.449,1
0.2,0.000305203,0.00599205,0.00332305,0.0599054,0.0193255,0.299377,-64.4671,1
0.3,0.000805828,0.0134731,0.00668946,0.089716,0.0336641,0.298105,-64.5151,1
0.4,0.00174795,0.0239196,0.0121531,0.119214,0.054636,0.294983,-64.5858,1
0.5,0.00336493,0.0372863,0.0201864,0.148119,0.0803332,0.289044,-64.6737,1
0.6,0.00592873,0.0534956,0.0310897,0.176067,0.109033,0.279485,-64.7746,1
0.7,0.0097333,0.0724312,0.0450017,0.202646,0.13912,0.265792,-64.8849,1
0.8,0.0150789,0.0939349,0.0619103,0.227427,0.169086,0.24781,-65.0014,1
0.9,0.0222578,0.117806,0.0816684,0.250002,0.197581,0.225747,-65.1216,1
1,0.0315421,0.143807,0.104016,0.270017,0.223478,0.200144,-65.2431,1
1.1,0.0431734,0.171668,0.12861,0.287197,0.245936,0.1718,-65.3637,1
1.2,0.0573566,0.201096,0.155054,0.301364,0.264439,0.141676,-65.4816,1
1.3,0.0742559,0.231786,0.182933,0.312443,0.278793,0.110791,-65.5952,1
1.4,0.0939947,0.263431,0.211843,0.320456,0.289102,0.0801263,-65.7031,1
1.5,0.116658,0.29573,0.241414,0.325511,0.295711,0.0505472,-65.8041,1
1.6,0.142295,0.328395,0.271328,0.327787,0.299135,0.0227587,-65.8975,1
1.7,0.170927,0.36116,0.301327,0.327515,0.299988,-0.00271594,-65.9825,1
1.8,0.202555,0.393783,0.331218,0.324962,0.298912,-0.0255314,-66.0587,1
1.9,0.237159,0.426052,0.360871,0.320412,0.29653,-0.0454994,-66.1257,1
2,0.274713,0.457781,0.390211,0.314156,0.293405,-0.0625582,-66.1835,1
2.1,0.315184,0.488812,0.419213,0.306482,0.290019,-0.0767406,-66.2321,1
2.2,0.358539,0.51902,0.447889,0.297668,0.286759,-0.0881422,-66.2717,1
2.3,0.404748,0.548302,0.476281,0.287978,0.283921,-0.0968954,-66.3023,1
2.4,0.453785,0.576584,0.504452,0.277663,0.281709,-0.103149,-66.3244,1
2.5,0.505631,0.603815,0.532477,0.266958,0.280248,-0.107056,-66.3383,1
2.6,0.560277,0.629967,0.560436,0.256082,0.279591,-0.108759,-66.3444,1
2.7,0.617719,0.655034,0.588409,0.245242,0.279732,-0.108396,-66.3431,1
2.8,0.677963,0.679027,0.616471,0.234633,0.280615,-0.106091,-66.3349,1
2.9,0.741021,0.701981,0.644685,0.224437,0.282142,-0.10196,-66.3202,1
3,0.80691,0.723944,0.673104,0.214825,0.284186,-0.0961151,-66.2996,1
3.1,0.875653,0.744983,0.701763,0.205959,0.286598,-0.0886659,-66.2735,1
3.2,0.947276,0.76518,0.730685,0.197986,0.289212,-0.0797272,-66.2424,1
3.3,1.0218,0.784632,0.75987,0.191044,0.291857,-0.0694212,-66.207,1
3.4,1.09926,0.803447,0.789307,0.185256,0.294363,-0.057881,-66.1676,1
3.5,1.17968,0.821746,0.818963,0.180731,0.296567,-0.0452523,-66.1249,1
3.6,1.26306,0.839661,0.848795,0.177561,0.298321,-0.0316943,-66.0793,1
3.7,1.34944,0.85733,0.878745,0.175823,0.299496,-0.0173788,-66.0314,1
3.8,1.43882,0.8749,0.908744,0.175575,0.29999,-0.00248792,-65.9817,1
3.9,1.53119,0.892521,0.938717,0.176853,0.299727,0.0127891,-65.9308,1
4,1.62655,0.910348,0.968583,0.179679,0.298666,0.02826,-65.8791,1
4.1,1.7249,0.928535,0.998263,0.184053,0.296795,0.0437344,-65.8271,1
4.2,1.82619,0.947235,1.02768,0.189956,0.294135,0.0590287,-65.7754,1
4.3,1.93041,0.9666,1.05675,0.197353,0.290738,0.0739705,-65.7243,1
4.4,2.03752,0.986778,1.08542,0.206193,0.286679,0.0884032,-65.6743,1
4.5,2.14747,1.00791,1.11362,0.216412,0.282059,0.102189,-65.6259,1
4.6,2.26022,1.03013,1.14132,0.227933,0.276996,0.11521,-65.5793,1
4.7,2.37571,1.05356,1.16849,0.24067,0.271618,0.127371,-65.535,1
4.8,2.49389,1.07832,1.19509,0.25453,0.266064,0.1386,-65.4932,1
4.9,2.6147,1.10451,1.22114,0.269415,0.260471,0.148845,-65.4543,1
5,2.73809,1.13224,1.24664,0.285222,0.254977,0.158071,-65.4185,1
5.1,2.864,1.1616,1.27161,0.301848,0.249713,0.166264,-65.386,1
5.2,2.99239,1.19265,1.29609,0.31919,0.244798,0.173419,-65.3571,1
5.3,3.1232,1.22547,1.32012,0.337144,0.240341,0.179545,-65.3318,1
5.4,3.25639,1.2601,1.34377,0.35561,0.236436,0.184657,-65.3104,1
5.5,3.39194,1.29661,1.36708,0.374487,0.233163,0.188773,-65.2929,1
5.6,3.5298,1.33502,1.39014,0.393679,0.230583,0.191915,-65.2793,1
5.7,3.66995,1.37536,1.41301,0.413089,0.228743,0.194104,-65.2698,1
5.8,3.81239,1.41764,1.43578,0.432625,0.227673,0.195359,-65.2643,1
5.9,3.95711,1.46188,1.45852,0.452195,0.227385,0.195694,-65.2628,1
6,4.1041,1.50808,1.48131,0.471707,0.227876,0.195122,-65.2653,1
6.1,4.25338,1.55622,1.50422,0.491072,0.229129,0.193649,-65.2718,1
6.2,4.40495,1.60628,1.52733,0.5102,0.231109,0.191282,-65.2821,1
6.3,4.55886,1.65824,1.55071,0.529002,0.23377,0.18802,-65.2961,1
6.4,4.71511,1.71206,1.57441,0.547389,0.237051,0.183866,-65.3137,1
6.5,4.87376,1.76769,1.5985,0.565271,0.24088,0.17882,-65.3349,1
6.6,5.03483,1.82508,1.62302,0.582559,0.245175,0.172885,-65.3593,1
6.7,5.19839,1.88417,1.648,0.599166,0.249842,0.16607,-65.3868,1
6.8,5.36446,1.94488,1.67348,0.615005,0.254782,0.158386,-65.4173,1
6.9,5.53311,2.00713,1.69947,0.629991,0.25989,0.149857,-65.4504,1
7,5.70438,2.07083,1.72598,0.644042,0.265058,0.140514,-65.486,1
7.1,5.87833,2.13589,1.75299,0.657082,0.270178,0.130399,-65.5238,1
7.2,6.055,2.20219,1.78051,0.669038,0.275143,0.119567,-65.5635,1
7.3,6.23445,2.26964,1.80849,0.679847,0.279853,0.108085,-65.6049,1
7.4,6.41672,2.3381,1.83691,0.68945,0.284214,0.0960333,-65.6476,1
7.5,6.60186,2.40746,1.86573,0.697801,0.288145,0.0835026,-65.6914,1
7.6,6.78989,2.4776,1.89489,0.70486,0.291576,0.0705949,-65.7359,1
7.7,6.98085,2.54837,1.92433,0.710602,0.294453,0.0574208,-65.7809,1
7.8,7.17477,2.61965,1.95401,0.715012,0.296741,0.0440973,-65.8259,1
7.9,7.37166,2.69131,1.98385,0.718086,0.29842,0.0307459,-65.8708,1
8,7.57154,2.7632,2.0138,0.719835,0.29949,0.0174891,-65.9151,1
8.1,7.77442,2.83521,2.04379,0.72028,0.299967,0.00444864,-65.9586,1
8.2,7.9803,2.90719,2.07378,0.719454,0.299886,-0.00825772,-66.001,1
8.3,8.18917,2.97904,2.10371,0.717403,0.299298,-0.0205181,-66.0419,1
8.4,8.40104,3.05062,2.13354,0.71418,0.298264,-0.0322284,-66.0811,1
8.5,8.61587,3.12182,2.16322,0.70985,0.29686,-0.0432938,-66.1183,1
8.6,8.83367,3.19254,2.19274,0.704487,0.295168,-0.0536297,-66.1532,1
8.7,9.05441,3.26267,2.22207,0.698171,0.293276,-0.0631619,-66.1856,1
8.8,9.27808,3.33213,2.2512,0.690989,0.291275,-0.0718267,-66.2152,1
8.9,9.50464,3.40083,2.28012,0.683032,0.289255,-0.0795705,-66.2419,1
9,9.73409,3.4687,2.30885,0.674397,0.287305,-0.0863482,-66.2654,1
9.1,9.9664,3.53568,2.3374,0.665184,0.285505,-0.0921229,-66.2856,1
9.2,10.2016,3.60171,2.3658,0.655498,0.283932,-0.096864,-66.3022,1
9.3,10.4396,3.66676,2.39406,0.645443,0.282649,-0.100546,-66.3152,1
9.4,10.6804,3.73079,2.42223,0.635129,0.28171,-0.103147,-66.3244,1
9.5,10.924,3.79378,2.45035,0.624664,0.281156,-0.104649,-66.3298,1
9.6,11.1704,3.85572,2.47845,0.614161,0.281013,-0.105033,-66.3311,1
9.7,11.4197,3.91661,2.50658,0.603732,0.281292,-0.104283,-66.3285,1
9.8,11.6718,3.97647,2.53478,0.593494,0.281988,-0.102385,-66.3217,1
9.9,11.9267,4.03533,2.56309,0.583561,0.283081,-0.0993238,-66.3109,1
10,12.1844,4.09321,2.59154,0.574053,0.284532,-0.0950878,-66.296,1
10.1,12.445,4.15016,2.62017,0.565086,0.286286,-0.0896678,-66.277,1
10.2,12.7084,4.20626,2.64899,0.55678,0.288272,-0.0830601,-66.254,1
10.3,12.9748,4.26156,2.67803,0.549253,0.290405,-0.0752676,-66.227,1
10.4,13.244,4.31615,2.70729,0.542623,0.292582,-0.0663027,-66.1963,1
10.5,13.5162,4.37013,2.73676,0.537004,0.294691,-0.05619,-66.1619,1
10.6,13.7914,4.42361,2.76642,0.532507,0.296611,-0.0449688,-66.1239,1
10.7,14.0695,4.4767,2.79624,0.529237,0.298213,-0.0326954,-66.0826,1
10.8,14.3507,4.52952,2.82618,0.527293,0.299369,-0.0194456,-66.0383,1
10.9,14.6348,4.58223,2.85618,0.526761,0.299953,-0.00531626,-65.9912,1
11,14.9219,4.63495,2.88616,0.527719,0.299847,0.00957453,-65.9415,1
11.1,15.212,4.68785,2.91606,0.530227,0.298949,0.0250873,-65.8897,1
11.2,15.5051,4.74108,2.94577,0.534334,0.297176,0.0410632,-65.8361,1
11.3,15.8011,4.7948,2.97522,0.540066,0.294472,0.0573264,-65.7812,1
11.4,16.1001,4.84917,3.0043,0.547435,0.290809,0.0736884,-65.7253,1
11.5,16.402,4.90436,3.03292,0.556431,0.286196,0.0899534,-65.6689,1
11.6,16.7067,4.96054,3.06099,0.567023,0.280678,0.105923,-65.6126,1
11.7,17.0142,5.01785,3.08842,0.579163,0.274337,0.121405,-65.5568,1
11.8,17.3243,5.07644,3.11515,0.592785,0.267292,0.136217,-65.5021,1
11.9,17.6371,5.13647,3.14112,0.607804,0.259697,0.150191,-65.4491,1
12,17.9525,5.19807,3.1663,0.624122,0.251737,0.163182,-65.3983,1
12.1,18.2704,5.26136,3.19066,0.641629,0.24362,0.175069,-65.3503,1
12.2,18.5906,5.32645,3.21422,0.660205,0.235576,0.185753,-65.3058,1
12.3,18.9132,5.39345,3.237,0.679721,0.227843,0.19516,-65.2652,1
12.4,19.238,5.46243,3.25907,0.700044,0.220669,0.203237,-65.2291,1
12.5,19.5649,5.53349,3.2805,0.721039,0.214295,0.209947,-65.1983,1
12.6,19.894,5.60667,3.30139,0.742565,0.208957,0.21526,-65.1732,1
12.7,20.2252,5.68202,3.32188,0.76448,0.204876,0.219148,-65.1544,1
12.8,20.5584,5.75958,3.3421,0.786637,0.202252,0.221572,-65.1425,1
12.9,20.8936,5.83935,3.36223,0.808885,0.201256,0.222477,-65.138,1
13,21.2309,5.92135,3.38243,0.831062,0.202027,0.221777,-65.1415,1
13.1,21.5701,6.00555,3.4029,0.852997,0.20466,0.219349,-65.1534,1
13.2,21.9115,6.09193,3.42382,0.8745,0.209196,0.215028,-65.1743,1
13.3,22.2549,6.18042,3.44538,0.89536,0.21561,0.208596,-65.2046,1
13.4,22.6006,6.27096,3.46776,0.915339,0.223794,0.199791,-65.2447,1
13.5,22.9485,6.36343,3.49111,0.934169,0.233541,0.188305,-65.2949,1
13.6,23.2989,6.45772,3.51557,0.95155,0.244522,0.173807,-65.3555,1
13.7,23.6517,6.55365,3.54119,0.967146,0.256273,0.155962,-65.4267,1
13.8,24.0072,6.65104,3.56801,0.980593,0.268175,0.134471,-65.5087,1
13.9,24.3653,6.74964,3.59596,0.991505,0.279451,0.109119,-65.6012,1
14,24.7264,6.84919,3.62487,0.999488,0.289183,0.0798331,-65.7041,1
14.1,25.0904,6.94938,3.65451,1.00416,0.296336,0.0467441,-65.817,1
14.2,25.4573,7.04984,3.68449,1.00519,0.299825,0.0102442,-65.9393,1
14.3,25.8273,7.15022,3.71435,1.00229,0.298598,-0.0289728,-66.0702,1
14.4,26.2001,7.2501,3.74352,0.9953,0.291743,-0.069902,-66.2086,1
14.5,26.5759,7.34907,3.77138,0.984174,0.278606,-0.111261,-66.3534,1
14.6,26.9543,7.44673,3.79727,0.969017,0.258895,-0.15157,-66.5031,1
14.7,27.3352,7.54268,3.82055,0.950089,0.232752,-0.189279,-66.6562,1
14.8,27.7183,7.63658,3.84063,0.927797,0.200772,-0.222914,-66.8111,1
14.9,28.1032,7.7281,3.85702,0.902674,0.163961,-0.251231,-66.966,1
15,28.4895,7.817,3.86939,0.87534,0.123632,-0.273341,-67.1195,1
15.1,28.8768,7.90309,3.87751,0.846462,0.0812686,-0.288783,-67.2699,1
15.2,29.2648,7.98625,3.88135,0.816708,0.0383656,-0.297537,-67.416,1
15.3,29.6529,8.06642,3.88098,0.786711,-0.00370794,-0.299977,-67.5566,1
15.4,30.0408,8.14361,3.8766,0.757032,-0.0438163,-0.296783,-67.6908,1
15.5,30.428,8.21787,3.86848,0.72815,-0.0811161,-0.288826,-67.818,1
15.6,30.8143,8.2893,3.85698,0.700444,-0.115072,-0.277053,-67.9379,1
15.7,31.1993,8.35803,3.84243,0.674206,-0.145437,-0.262389,-68.0504,1
15.8,31.5826,8.42422,3.82521,0.649641,-0.17221,-0.24565,-68.1557,1
15.9,31.9642,8.48805,3.80565,0.626892,-0.19558,-0.227483,-68.2544,1
16,32.3437,8.5497,3.78407,0.606061,-0.215885,-0.208312,-68.3475,1
16.1,32.7209,8.60936,3.76071,0.587233,-0.233559,-0.188282,-68.4366,1
16.2,33.0957,8.66725,3.7358,0.570516,-0.249107,-0.16717,-68.524,1
16.3,33.468,8.72358,3.70949,0.556095,-0.263068,-0.144205,-68.6136,1
16.4,33.8376,8.7786,3.6819,0.544326,-0.275949,-0.117695,-68.7119,1
16.5,34.2043,8.83261,3.6531,0.535906,-0.287942,-0.0841983,-68.8306,1
16.6,34.5681,8.88602,3.62333,0.532249,-0.297762,-0.0365752,-68.9928,1
16.7,34.929,8.93945,3.5936,0.536291,-0.297264,0.0404206,-69.2502,1
16.8,35.2871,8.99395,3.56921,0.553751,-0.243955,0.174602,-69.7362,1
16.9,35.6443,9.05079,3.57527,0.583132,0.0606301,0.293809,-70.8893,1
17,36.0005,9.10843,3.54855,0.569497,-0.267227,-0.136344,-74.9264,1
17.1,36.3543,9.16436,3.52651,0.549138,-0.220338,-0.203596,-118.635,1
17.2,36.7055,9.21983,3.49864,0.560237,-0.278714,0.110989,-151.175,1
17.3,37.0565,9.27482,3.52041,0.539599,0.217736,-0.206376,-154.697,1
17.4,37.4079,9.32742,3.50748,0.512532,-0.129368,-0.270673,-155.955,1
17.5,37.7573,9.37811,3.47972,0.501159,-0.277606,-0.113731,-156.691,1
17.6,38.1037,9.42836,3.44985,0.50394,-0.298708,0.0278092,-157.172,1
17.7,38.4473,9.47934,3.42217,0.515508,-0.276797,0.115687,-157.476,1
17.8,38.7883,9.53169,3.39685,0.531604,-0.253167,0.160954,-157.646,1
17.9,39.1268,9.58575,3.37276,0.549482,-0.240905,0.178787,-157.718,1
18,39.4628,9.64159,3.34866,0.567353,-0.240968,0.178701,-157.718,1
18.1,39.7965,9.69915,3.32364,0.583903,-0.250213,0.165509,-157.664,1
18.2,40.1275,9.75825,3.2972,0.59807,-0.264442,0.141669,-157.571,1
18.3,40.4558,9.8186,3.26925,0.608966,-0.279514,0.108959,-157.451,1
18.4,40.7813,9.87984,3.24006,0.6159,-0.291876,0.069342,-157.313,1
18.5,41.1038,9.94156,3.21016,0.618424,-0.298937,0.0252382,-157.164,1
18.6,41.4233,10.0033,3.18023,0.616363,-0.299291,-0.0206113,-157.011,1
18.7,41.7399,10.0646,3.15096,0.609814,-0.292763,-0.0654962,-156.86,1
18.8,42.0536,10.1251,3.12294,0.599102,-0.280225,-0.107117,-156.715,1
18.9,42.3645,10.1842,3.09661,0.584716,-0.26326,-0.143854,-156.58,1
19,42.673,10.2418,3.07223,0.567231,-0.243774,-0.174855,-156.457,1
19.1,42.9791,10.2976,3.04987,0.547235,-0.223644,-0.199958,-156.35,1
19.2,43.2831,10.3512,3.02942,0.525284,-0.204491,-0.219507,-156.259,1
19.3,43.5851,10.4026,3.01066,0.50187,-0.187557,-0.234142,-156.184,1
19.4,43.8853,10.4515,2.99329,0.47741,-0.173692,-0.244604,-156.126,1
19.5,44.1838,10.498,2.97695,0.45225,-0.163395,-0.251599,-156.085,1
19.6,44.4807,10.5419,2.96127,0.426679,-0.156878,-0.255713,-156.059,1
19.7,44.776,10.5833,2.94585,0.400941,-0.154135,-0.257376,-156.048,1
19.8,45.0698,10.6221,2.93035,0.375255,-0.154993,-0.25686,-156.052,1
19.9,45.3621,10.6584,2.91444,0.349825,-0.15916,-0.254299,-156.068,1
20,45.6527,10.6921,2.89781,0.324853,-0.166249,-0.249723,-156.096,1
20.1,45.9416,10.7234,2.88023,0.300543,-0.175797,-0.243095,-156.135,1
20.2,46.2287,10.7523,2.86151,0.277107,-0.187285,-0.234359,-156.183,1
20.3,46.5138,10.7789,2.84149,0.25476,-0.200151,-0.223471,-156.239,1
20.4,46.7969,10.8033,2.82011,0.233716,-0.213811,-0.21044,-156.302,1
20.5,47.0778,10.8257,2.79734,0.214181,-0.227682,-0.195349,-156.371,1
20.6,47.3563,10.8462,2.77322,0.196344,-0.24121,-0.178375,-156.443,1
20.7,47.6324,10.865,2.74783,0.180365,-0.253902,-0.159793,-156.518,1
20.8,47.9058,10.8824,2.72129,0.166368,-0.265347,-0.139968,-156.594,1
20.9,48.1766,10.8984,2.69377,0.154434,-0.275244,-0.119335,-156.671,1
21,48.4445,10.9134,2.66543,0.144596,-0.28341,-0.0983797,-156.746,1
21.1,48.7096,10.9274,2.63645,0.136836,-0.28979,-0.0776017,-156.818,1
21.2,48.9718,10.9408,2.60701,0.131087,-0.29444,-0.05749,-156.887,1
21.3,49.231,10.9538,2.57725,0.127238,-0.29752,-0.0384952,-156.951,1
21.4,49.4873,10.9664,2.54733,0.125137,-0.299263,-0.0210112,-157.01,1
21.5,49.7405,10.9789,2.51733,0.1246,-0.299952,-0.00536384,-157.062,1
21.6,49.9907,10.9914,2.48734,0.125419,-0.299888,0.00819271,-157.107,1
21.7,50.238,11.004,2.45741,0.127367,-0.299367,0.0194727,-157.145,1
21.8,50.4822,11.0169,2.42754,0.130202,-0.298657,0.0283514,-157.174,1
21.9,50.7235,11.0301,2.39774,0.133677,-0.29798,0.0347551,-157.196,1
22,50.9618,11.0436,2.36799,0.137542,-0.2975,0.0386511,-157.209,1
22.1,51.1971,11.0576,2.33826,0.141546,-0.297316,0.0400393,-157.213,1
22.2,51.4294,11.0719,2.30852,0.145441,-0.297461,0.0389458,-157.21,1
22.3,51.6588,11.0867,2.27873,0.148983,-0.297902,0.0354204,-157.198,1
22.4,51.8851,11.1017,2.24887,0.151937,-0.298542,0.0295368,-157.178,1
22.5,52.1085,11.117,2.21895,0.154076,-0.299236,0.0213954,-157.151,1
22.6,52.3289,11.1325,2.18897,0.155189,-0.299794,0.0111279,-157.117,1
22.7,52.5463,11.148,2.15897,0.155079,-0.299998,-0.00109778,-157.076,1
22.8,52.7607,11.1634,2.12901,0.153572,-0.299621,-0.0150729,-157.029,1
22.9,52.9721,11.1786,2.09916,0.150517,-0.298441,-0.0305463,-156.978,1
23,53.1806,11.1934,2.06954,0.145795,-0.29626,-0.0472252,-156.922,1
23.1,53.3861,11.2077,2.04024,0.139317,-0.292922,-0.064781,-156.862,1
23.2,53.5886,11.2212,2.01141,0.131031,-0.288331,-0.0828581,-156.8,1
23.3,53.7884,11.2338,1.98317,0.120922,-0.282456,-0.101088,-156.736,1
23.4,53.9853,11.2453,1.95563,0.109012,-0.275345,-0.119102,-156.671,1
23.5,54.1795,11.2555,1.92892,0.0953566,-0.26712,-0.136553,-156.607,1
23.6,54.3711,11.2643,1.90312,0.0800439,-0.257977,-0.153127,-156.544,1
23.7,54.5602,11.2715,1.8783,0.0631882,-0.248171,-0.168556,-156.483,1
23.8,54.7469,11.2769,1.8545,0.0449252,-0.238004,-0.182631,-156.425,1
23.9,54.9312,11.2804,1.83172,0.0254054,-0.227811,-0.195198,-156.371,1
24,55.1132,11.2819,1.80993,0.00478908,-0.217937,-0.206163,-156.322,1
24.1,55.2932,11.2813,1.78906,-0.0167594,-0.208726,-0.215485,-156.278,1
24.2,55.4711,11.2785,1.76901,-0.0390751,-0.200501,-0.223157,-156.241,1
24.3,55.647,11.2734,1.74965,-0.0619955,-0.19356,-0.229204,-156.21,1
24.4,55.8211,11.2661,1.73083,-0.0853615,-0.188158,-0.233659,-156.187,1
24.5,55.9932,11.2564,1.71238,-0.109017,-0.184506,-0.236554,-156.171,1
24.6,56.1635,11.2443,1.69411,-0.132807,-0.182764,-0.237902,-156.164,1
24.7,56.332,11.2298,1.6758,-0.156576,-0.183039,-0.23769,-156.165,1
24.8,56.4987,11.213,1.65727,-0.180163,-0.185375,-0.235873,-156.175,1
24.9,56.6635,11.1938,1.63829,-0.2034,-0.189756,-0.232363,-156.194,1
25,56.8263,11.1723,1.61868,-0.226104,-0.196093,-0.227041,-156.221,1
25.1,56.9872,11.1486,1.59826,-0.248079,-0.204226,-0.219754,-156.258,1
25.2,57.1459,11.1227,1.57687,-0.269113,-0.213912,-0.210337,-156.303,1
25.3,57.3025,11.0948,1.55438,-0.288976,-0.224827,-0.198627,-156.356,1
25.4,57.4567,11.065,1.53073,-0.307424,-0.236568,-0.184487,-156.417,1
25.5,57.6086,11.0334,1.50586,-0.324208,-0.248659,-0.167836,-156.486,1
25.6,57.7579,11.0003,1.47981,-0.339076,-0.260567,-0.148677,-156.561,1
25.7,57.9045,10.9657,1.45263,-0.351788,-0.271734,-0.127125,-156.642,1
25.8,58.0483,10.93,1.42447,-0.362131,-0.281608,-0.103425,-156.728,1
25.9,58.1893,10.8934,1.3955,-0.369927,-0.289693,-0.0779608,-156.817,1
26,58.3274,10.8562,1.36594,-0.375052,-0.29559,-0.0512507,-156.908,1
26.1,58.4625,10.8186,1.33604,-0.377444,-0.299045,-0.0239242,-157,1
26.2,58.5946,10.7808,1.30604,-0.377113,-0.299982,0.00331442,-157.091,1
26.3,58.7237,10.7433,1.27619,-0.374139,-0.298523,0.0297327,-157.179,1
26.4,58.8499,10.7061,1.24669,-0.368678,-0.294986,0.0546187,-157.263,1
26.5,58.9731,10.6696,1.2177,-0.360945,-0.289864,0.0773248,-157.34,1
26.6,59.0934,10.634,1.18932,-0.351215,-0.283784,0.0972974,-157.41,1
26.7,59.211,10.5995,1.16158,-0.339807,-0.27746,0.114088,-157.47,1
26.8,59.3258,10.5661,1.13442,-0.327072,-0.271632,0.127342,-157.518,1
26.9,59.4379,10.5341,1.10771,-0.313395,-0.267008,0.136773,-157.553,1
27,59.5473,10.5035,1.08129,-0.299184,-0.264205,0.142112,-157.573,1
27.1,59.6541,10.4743,1.05493,-0.284878,-0.263691,0.143063,-157.577,1
27.2,59.7583,10.4465,1.02835,-0.270952,-0.265722,0.139254,-157.562,1
27.3,59.8598,10.42,1.00133,-0.257932,-0.270273,0.130202,-157.529,1
27.4,59.9585,10.3948,0.97363,-0.2464,-0.276952,0.115316,-157.474,1
27.5,60.0545,10.3707,0.945139,-0.237006,-0.284911,0.0939441,-157.398,1
27.6,60.1475,10.3473,0.915863,-0.230456,-0.292763,0.0654982,-157.3,1
27.7,60.2376,10.3244,0.88601,-0.22749,-0.29853,0.0296586,-157.179,1
27.8,60.3247,10.3016,0.85604,-0.228824,-0.299703,-0.0133375,-157.035,1
27.9,60.4089,10.2784,0.826695,-0.235061,-0.293445,-0.0623702,-156.87,1
28,60.4901,10.2543,0.798994,-0.246578,-0.277011,-0.115175,-156.686,1
28.1,60.5688,10.2288,0.774159,-0.263407,-0.248355,-0.168284,-156.484,1
28.2,60.6452,10.2014,0.753478,-0.28514,-0.206803,-0.217331,-156.269,1
28.3,60.7198,10.1716,0.738125,-0.310913,-0.153536,-0.257734,-156.046,1
28.4,60.7931,10.139,0.728959,-0.339479,-0.091652,-0.285657,-155.819,1
28.5,60.8659,10.1036,0.726394,-0.369369,-0.0256544,-0.298901,-155.594,1
28.6,60.9387,10.0652,0.730342,-0.399108,0.0394841,-0.29739,-155.377,1
28.7,61.0123,10.0239,0.740278,-0.427415,0.0993533,-0.283071,-155.171,1
28.8,61.087,9.97982,0.755364,-0.453346,0.150858,-0.25931,-154.982,1
28.9,61.1635,9.93333,0.774613,-0.476356,0.192493,-0.230101,-154.812,1
29,61.2421,9.8847,0.79703,-0.496293,0.224168,-0.199371,-154.665,1
29.1,61.3231,9.83422,0.821706,-0.513354,0.246768,-0.170604,-154.543,1
29.2,61.4065,9.78215,0.847869,-0.528035,0.261621,-0.146814,-154.449,1
29.3,61.4927,9.72869,0.874866,-0.541118,0.269972,-0.130826,-154.389,1
29.4,61.5815,9.67395,0.902099,-0.553702,0.272329,-0.125846,-154.371,1
29.5,61.6731,9.6179,0.928825,-0.56733,0.267263,-0.136273,-154.41,1
29.6,61.7672,9.56032,0.953652,-0.58417,0.248273,-0.168406,-154.534,1
29.7,61.8635,9.50077,0.973152,-0.606968,0.194999,-0.227981,-154.801,1
29.8,61.9611,9.43859,0.978524,-0.636483,0.0537195,-0.295151,-155.329,1
29.9,62.0578,9.37397,0.955716,-0.655971,-0.228083,-0.19488,-156.373,1
30,62.1532,9.30986,0.951505,-0.626268,-0.0421033,0.297031,-158.51,1
30.1,62.2481,9.24575,0.946848,-0.655905,-0.046575,-0.296363,20.2645,1
30.2,62.3419,9.18139,0.929788,-0.631228,-0.170602,0.246769,-0.965902,1
30.3,62.4353,9.11684,0.938428,-0.659956,0.086404,-0.287288,-42.1193,1
30.4,62.5287,9.05227,0.929249,-0.631395,-0.0917883,0.285613,-51.5253,1
30.5,62.6223,8.98775,0.941295,-0.658871,0.120458,-0.274754,-54.5647,1
30.6,62.7151,8.92114,0.915065,-0.673431,-0.262297,-0.145603,-56.0419,1
30.7,62.8051,8.85422,0.886301,-0.664911,-0.287647,0.0852018,-56.8366,1
30.8,62.8928,8.78887,0.866697,-0.642201,-0.196034,0.227092,-57.4073,1
30.9,62.9791,8.72611,0.860365,-0.612877,-0.0633209,0.293241,-57.9068,1
31,63.0656,8.66628,0.867995,-0.583864,0.0763019,0.290134,-58.3766,1
31.1,63.1533,8.60904,0.887335,-0.560929,0.193392,0.229346,-58.82,1
31.2,63.2434,8.55361,0.914165,-0.547508,0.268304,0.134212,-59.2264,1
31.3,63.3363,8.49902,0.943993,-0.544298,0.298278,0.0320987,-59.5831,1
31.4,63.4322,8.44431,0.973451,-0.549975,0.294579,-0.0567717,-59.8806,1
31.5,63.5309,8.38869,1.00078,-0.562352,0.273279,-0.123768,-60.1155,1
31.6,63.6322,8.33161,1.02556,-0.579259,0.247821,-0.16907,-60.289,1
31.7,63.7359,8.2727,1.04821,-0.598932,0.226495,-0.196724,-60.4054,1
31.8,63.8418,8.21176,1.06952,-0.620043,0.21314,-0.211119,-60.4709,1
31.9,63.9498,8.14867,1.0904,-0.641593,0.208718,-0.215492,-60.4916,1
32,64.0599,8.08346,1.11165,-0.662762,0.21257,-0.211693,-60.4736,1
32.1,64.1722,8.01618,1.13397,-0.682813,0.223151,-0.200508,-60.4223,1
32.2,64.2868,7.94699,1.15781,-0.701025,0.23839,-0.182127,-60.3427,1
32.3,64.4038,7.8761,1.1834,-0.716685,0.255888,-0.156593,-60.2394,1
32.4,64.5235,7.80381,1.2107,-0.729104,0.273086,-0.124193,-60.1171,1
32.5,64.646,7.73047,1.23945,-0.737676,0.287492,-0.0857232,-59.98,1
32.6,64.7715,7.65649,1.26915,-0.741937,0.296959,-0.0426062,-59.8328,1
32.7,64.8999,7.58231,1.29915,-0.74162,0.299983,0.00317146,-59.6797,1
32.8,65.0313,7.5084,1.32874,-0.736691,0.295923,0.0492892,-59.5252,1
32.9,65.1656,7.4352,1.35725,-0.727348,0.285081,0.0934284,-59.3736,1
33,65.3026,7.36313,1.38411,-0.713987,0.268602,0.133615,-59.2287,1
33.1,65.4423,7.29257,1.40893,-0.69714,0.248229,0.168471,-59.094,1
33.2,65.5843,7.22384,1.43153,-0.677408,0.22598,0.197314,-58.9725,1
33.3,65.7285,7.1572,1.45191,-0.655397,0.203844,0.220108,-58.8665,1
33.4,65.8746,7.09285,1.47027,-0.631668,0.183554,0.237293,-58.7779,1
33.5,66.0225,7.03093,1.48692,-0.60671,0.166465,0.249579,-58.7077,1
33.6,66.1719,6.97155,1.50227,-0.580936,0.153524,0.257741,-58.6567,1
33.7,66.3229,6.91477,1.5168,-0.55469,0.1453,0.262465,-58.6251,1
33.8,66.4753,6.86062,1.531,-0.528265,0.142043,0.264242,-58.6127,1
33.9,66.6291,6.80911,1.54538,-0.501933,0.143733,0.263326,-58.6191,1
34,66.7844,6.76022,1.56039,-0.475959,0.150124,0.259736,-58.6435,1
34.1,66.9412,6.71389,1.57646,-0.45063,0.160765,0.253288,-58.685,1
34.2,67.0997,6.67004,1.59397,-0.426264,0.175006,0.243666,-58.7423,1
34.3,67.2601,6.62857,1.61317,-0.403213,0.192008,0.230506,-58.814,1
34.4,67.4225,6.58931,1.63424,-0.381863,0.210758,0.213497,-58.8984,1
34.5,67.587,6.55209,1.65725,-0.362616,0.230114,0.192478,-58.9937,1
34.6,67.754,6.51667,1.68214,-0.345863,0.248869,0.167523,-59.0978,1
34.7,67.9235,6.48278,1.70873,-0.331963,0.265855,0.139001,-59.2085,1
34.8,68.0958,6.45012,1.73673,-0.321205,0.280046,0.107583,-59.3235,1
34.9,68.2709,6.41837,1.7658,-0.313785,0.290678,0.0742037,-59.4403,1
35,68.449,6.38719,1.79553,-0.309786,0.297324,0.0399818,-59.5566,1
35.1,68.6301,6.35624,1.82552,-0.309176,0.299938,0.00610126,-59.6699,1
35.2,68.8141,6.32519,1.85541,-0.311807,0.298844,-0.0263067,-59.7781,1
35.3,69.0011,6.29373,1.88488,-0.317434,0.294676,-0.0562657,-59.8789,1
35.4,69.191,6.26157,1.9137,-0.325736,0.288284,-0.0830209,-59.9707,1
35.5,69.3838,6.22847,1.94177,-0.336342,0.280626,-0.106061,-60.0516,1
35.6,69.5794,6.19421,1.96903,-0.348852,0.272671,-0.125103,-60.1204,1
35.7,69.7776,6.15862,1.99557,-0.362856,0.26531,-0.140038,-60.1759,1
35.8,69.9784,6.12158,2.0215,-0.377944,0.259299,-0.150877,-60.2172,1
35.9,70.1819,6.083,2.04702,-0.393711,0.255221,-0.157678,-60.2437,1
36,70.3878,6.04283,2.07236,-0.40976,0.253461,-0.160491,-60.2547,1
36.1,70.5963,6.00105,2.09778,-0.425692,0.254201,-0.159318,-60.2501,1
36.2,70.8074,5.95771,2.12352,-0.441101,0.257403,-0.15409,-60.2297,1
36.3,71.0211,5.91288,2.14981,-0.455568,0.262812,-0.144672,-60.1935,1
36.4,71.2374,5.86667,2.1768,-0.468657,0.269941,-0.130888,-60.1417,1
36.5,71.4565,5.81924,2.20461,-0.479914,0.278078,-0.112573,-60.0749,1
36.6,71.6784,5.7708,2.23324,-0.488879,0.286294,-0.0896432,-59.9937,1
36.7,71.9032,5.7216,2.26258,-0.495097,0.293484,-0.0621858,-59.8991,1
36.8,72.1309,5.67194,2.29243,-0.498152,0.298441,-0.0305425,-59.7922,1
36.9,72.3617,5.62215,2.32243,-0.49769,0.299964,0.00462,-59.6749,1
37,72.5954,5.57259,2.35213,-0.493461,0.297005,0.0422837,-59.5488,1
37.1,72.832,5.52365,2.38101,-0.48535,0.288826,0.0811132,-59.4165,1
37.2,73.0715,5.47571,2.40852,-0.473394,0.275145,0.119562,-59.2803,1
37.3,73.3137,5.42915,2.43415,-0.45779,0.256227,0.156037,-59.1433,1
37.4,73.5582,5.38432,2.45744,-0.43888,0.232894,0.189104,-59.0083,1
37.5,73.805,5.34152,2.47808,-0.417113,0.206448,0.217668,-58.8784,1
37.6,74.0537,5.30101,2.49593,-0.393002,0.178518,0.241104,-58.7568,1
37.7,74.3041,5.26301,2.51102,-0.367072,0.150869,0.259304,-58.6464,1
37.8,74.5558,5.22767,2.52354,-0.33981,0.125222,0.272616,-58.5501,1
37.9,74.8087,5.19509,2.53385,-0.311638,0.10312,0.28172,-58.4704,1
38,75.0625,5.16537,2.54244,-0.282893,0.0858544,0.287453,-58.4097,1
38.1,75.3171,5.13853,2.54988,-0.253832,0.0744601,0.290613,-58.3703,1
38.2,75.5724,5.11461,2.55686,-0.224654,0.0697413,0.291781,-58.3541,1
38.3,75.8285,5.0936,2.56409,-0.195538,0.0723049,0.291156,-58.3629,1
38.4,76.0853,5.07549,2.57235,-0.166697,0.0825613,0.288416,-58.3983,1
38.5,76.343,5.06023,2.58241,-0.138435,0.100654,0.282611,-58.4616,1
38.6,76.6019,5.04775,2.59504,-0.111223,0.126289,0.272123,-58.554,1
38.7,76.8622,5.0379,2.61089,-0.0857498,0.158465,0.254733,-58.676,1
38.8,77.1243,5.03046,2.6304,-0.0629619,0.195119,0.227879,-58.8276,1
38.9,77.3885,5.02511,2.65368,-0.0440436,0.23283,0.189183,-59.0079,1
39,77.6552,5.02139,2.68036,-0.0303173,0.266756,0.137263,-59.215,1
39.1,77.9247,5.01872,2.70946,-0.0230503,0.291065,0.0726697,-59.4456,1
39.2,78.1971,5.01641,2.73946,-0.0231899,0.299997,-0.00139602,-59.6949,1
39.3,78.4725,5.0137,2.7684,-0.0310979,0.28939,-0.0790795,-59.957,1
39.4,78.7506,5.00982,2.79421,-0.0463864,0.25812,-0.152886,-60.225,1
39.5,79.0311,5.00411,2.81508,-0.067937,0.208704,-0.215506,-60.4917,1
39.6,79.3133,4.99601,2.82975,-0.0941079,0.146658,-0.261709,-60.7503,1
39.7,79.5967,4.98515,2.83764,-0.123052,0.0788855,-0.289443,-60.995,1
39.8,79.8805,4.97134,2.83882,-0.153029,0.0118603,-0.299765,-61.2215,1
39.9,80.1642,4.95456,2.83386,-0.182615,-0.0496292,-0.295866,-61.4273,1
40,80.447,4.93489,2.82357,-0.210796,-0.102894,-0.281803,-61.6111,1
40.1,80.7287,4.9125,2.80886,-0.236942,-0.147089,-0.261467,-61.7735,1
40.2,81.0086,4.88762,2.7906,-0.260742,-0.18264,-0.237997,-61.9156,1
40.3,81.2866,4.86048,2.76953,-0.2821,-0.210673,-0.213581,-62.0396,1
40.4,81.5624,4.83132,2.74628,-0.301051,-0.232565,-0.189508,-62.1481,1
40.5,81.8358,4.80038,2.72131,-0.317682,-0.249683,-0.166309,-62.2443,1
40.6,82.1066,4.7679,2.69498,-0.332072,-0.263235,-0.1439,-62.3316,1
40.7,82.3747,4.73408,2.66756,-0.344239,-0.274218,-0.121674,-62.4142,1
40.8,82.6401,4.69916,2.63923,-0.35409,-0.283366,-0.0985086,-62.4973,1
40.9,82.9026,4.66339,2.61012,-0.361358,-0.291064,-0.0726752,-62.5872,1
41,83.1621,4.62705,2.58041,-0.365523,-0.297095,-0.0416488,-62.6926,1
41.1,83.4186,4.59049,2.55041,-0.365707,-0.299994,-0.00184067,-62.8257,1
41.2,83.6722,4.55417,2.52086,-0.360557,-0.295547,0.0514979,-63.0044,1
41.3,83.9229,4.51873,2.4935,-0.348242,-0.273557,0.123152,-63.2549,1
41.4,84.1712,4.48497,2.47226,-0.32705,-0.212351,0.211913,-63.6162,1
41.5,84.418,4.45371,2.46459,-0.298047,-0.0766922,0.290032,-64.1441,1
41.6,84.6652,4.42522,2.47915,-0.271815,0.145553,0.262325,-64.9092,1
41.7,84.9146,4.39804,2.50915,-0.271821,0.3,-6.49578e-05,-65.9737,1
41.8,85.1659,4.36939,2.51534,-0.301176,0.0618859,-0.293548,-67.3365,1
41.9,85.4159,4.339,2.48583,-0.306599,-0.295058,-0.0542278,-68.9333,1
42,85.6647,4.30982,2.49046,-0.276957,0.0462266,0.296417,-70.8405,1
42.1,85.9144,4.28076,2.50267,-0.30436,0.122097,-0.27403,-73.4083,1
42.2,86.1644,4.2518,2.49773,-0.274769,-0.0493909,0.295906,-76.8036,1
42.3,86.4128,4.22382,2.46946,-0.284824,-0.282648,-0.100549,-81.3396,1
42.4,86.6586,4.19439,2.44624,-0.303817,-0.23222,-0.189931,-87.279,1
42.5,86.9017,4.16382,2.41646,-0.307488,-0.297745,-0.0367111,-94.1251,1
42.6,87.1422,4.13402,2.39311,-0.288661,-0.233566,0.188274,-101.209,1
42.7,87.3806,4.10636,2.37527,-0.264543,-0.178415,0.241181,-107.748,1
42.8,87.6166,4.08002,2.34536,-0.262175,-0.299064,0.0236748,-113.176,1
42.9,87.8519,4.05252,2.36081,-0.287893,0.154477,-0.257171,-117.269,1
43,88.0872,4.02502,2.34559,-0.262037,-0.152153,0.258552,-120.419,1
43.1,88.3232,3.99825,2.37336,-0.27339,0.277688,-0.113531,-122.91,1
43.2,88.5594,3.9699,2.35117,-0.293578,-0.221914,-0.201877,-124.926,1
43.3,88.7937,3.94175,2.33351,-0.26933,-0.176649,0.242477,-126.605,1
43.4,89.0279,3.91603,2.3512,-0.245107,0.176983,0.242234,-127.865,1
43.5,89.2645,3.89145,2.38117,-0.246581,0.299638,-0.0147388,-128.854,1
43.6,89.5035,3.86556,2.39844,-0.271111,0.172711,-0.245298,-129.763,1
43.7,89.7429,3.83701,2.3902,-0.299958,-0.0823539,-0.288475,-130.654,1
43.8,89.9806,3.80635,2.36328,-0.313188,-0.269254,-0.132295,-131.49,1
43.9,90.2155,3.77541,2.33422,-0.305746,-0.290623,0.0744215,-132.198,1
44,90.4478,3.74589,2.31301,-0.284528,-0.212091,0.212173,-132.732,1
44.1,90.6785,3.71881,2.3008,-0.257122,-0.122016,0.274066,-133.099,1
44.2,90.9083,3.69457,2.29512,-0.227665,-0.0568316,0.294568,-133.327,1
44.3,91.1377,3.6733,2.29311,-0.197732,-0.0201339,0.299324,-133.451,1
44.4,91.367,3.65503,2.29242,-0.16774,-0.00684133,0.299922,-133.495,1
44.5,91.5962,3.63975,2.29121,-0.137765,-0.0121123,0.299755,-133.477,1
44.6,91.8251,3.62747,2.28793,-0.107945,-0.0328316,0.298198,-133.408,1
44.7,92.0536,3.61813,2.28123,-0.0787025,-0.0669946,0.292424,-133.292,1
44.8,92.2812,3.61165,2.26997,-0.0508956,-0.112594,0.27807,-133.133,1
44.9,92.5073,3.60781,2.25334,-0.0259263,-0.166293,0.249693,-132.93,1
45,92.7315,3.60623,2.23114,-0.00575195,-0.222035,0.201743,-132.684,1
45.1,92.9533,3.60631,2.20413,0.00730646,-0.270088,0.130584,-132.397,1
45.2,93.1722,3.60722,2.17436,0.0110606,-0.297642,0.037541,-132.072,1
45.3,93.3882,3.60799,2.14515,0.00422916,-0.292118,-0.0683141,-131.717,1
45.4,93.6015,3.60756,2.12046,-0.0128031,-0.246962,-0.170322,-131.343,1
45.5,93.8127,3.60503,2.10379,-0.0377447,-0.166707,-0.249417,-130.965,1
45.6,94.0228,3.5998,2.09711,-0.0669934,-0.0667182,-0.292487,-130.6,1
45.7,94.2326,3.59161,2.10046,-0.0968058,0.0335016,-0.298124,-130.264,1
45.8,94.4433,3.58055,2.11233,-0.124358,0.118702,-0.275517,-129.969,1
45.9,94.6554,3.56692,2.13055,-0.148195,0.182143,-0.238378,-129.724,1
46,94.8696,3.55111,2.153,-0.168099,0.224466,-0.199035,-129.531,1
46.1,95.0861,3.53347,2.178,-0.184673,0.250058,-0.165744,-129.391,1
46.2,95.3053,3.51429,2.20439,-0.198953,0.263837,-0.142794,-129.301,1
46.3,95.527,3.49373,2.23134,-0.212128,0.26952,-0.131754,-129.26,1
46.4,95.7515,3.47186,2.25825,-0.225392,0.269083,-0.132643,-129.263,1
46.5,95.9787,3.44859,2.28453,-0.239853,0.262847,-0.144609,-129.308,1
46.6,96.2084,3.42378,2.30951,-0.256466,0.249802,-0.16613,-129.392,1
46.7,96.4405,3.39716,2.33232,-0.275955,0.228075,-0.194889,-129.512,1
46.8,96.6747,3.36842,2.35187,-0.298708,0.195529,-0.227526,-129.666,1
46.9,96.9106,3.33726,2.36693,-0.324657,0.150551,-0.259489,-129.85,1
47,97.1478,3.30336,2.37622,-0.35318,0.0929681,-0.285231,-130.061,1
47.1,97.3855,3.26655,2.37871,-0.383077,0.0248626,-0.298968,-130.293,1
47.2,97.6231,3.22676,2.3738,-0.412672,-0.0491199,-0.295951,-130.541,1
47.3,97.8599,3.18413,2.36156,-0.440064,-0.122348,-0.273918,-130.796,1
47.4,98.0951,3.13895,2.34279,-0.463467,-0.187694,-0.234032,-131.052,1
47.5,98.3282,3.0917,2.31885,-0.481542,-0.239436,-0.180749,-131.3,1
47.6,98.5587,3.04294,2.29138,-0.493597,-0.27471,-0.120558,-131.533,1
47.7,98.7864,2.99328,2.26199,-0.499615,-0.293903,-0.0601758,-131.745,1
47.8,99.0111,2.9433,2.23199,-0.500119,-0.299958,-0.0050377,-131.93,1
47.9,99.2328,2.89349,2.20228,-0.495977,-0.297127,0.0414193,-132.085,1
48,99.4516,2.84428,2.1733,-0.48821,-0.289772,0.0776654,-132.209,1
48.1,99.6675,2.79598,2.14514,-0.477859,-0.281575,0.103515,-132.299,1
48.2,99.8806,2.74879,2.11763,-0.465913,-0.27519,0.11946,-132.356,1
48.3,100.091,2.70283,2.09041,-0.453301,-0.2722,0.126123,-132.381,1
48.4,100.299,2.65812,2.06308,-0.440908,-0.273207,0.123928,-132.373,1
48.5,100.504,2.61459,2.03529,-0.429611,-0.277917,0.11297,-132.333,1
48.6,100.706,2.5721,2.00677,-0.420305,-0.285201,0.093062,-132.262,1
48.7,100.905,2.53039,1.97746,-0.41391,-0.293107,0.0639415,-132.162,1
48.8,101.101,2.48912,1.94757,-0.411349,-0.298905,0.0256106,-132.032,1
48.9,101.294,2.44788,1.91765,-0.413472,-0.299248,-0.0212259,-131.876,1
49,101.485,2.40616,1.88859,-0.420943,-0.290547,-0.0747148,-131.695,1
49.1,101.672,2.36341,1.86163,-0.4341,-0.269613,-0.131564,-131.493,1
49.2,101.857,2.31906,1.83818,-0.452811,-0.234494,-0.187116,-131.273,1
49.3,102.04,2.2726,1.81965,-0.476406,-0.185279,-0.235949,-131.042,1
49.4,102.222,2.2236,1.80721,-0.503702,-0.124485,-0.272953,-130.804,1
49.5,102.402,2.17175,1.80153,-0.53316,-0.056763,-0.294581,-130.566,1
49.6,102.582,2.11694,1.80274,-0.563135,0.0121158,-0.299755,-130.336,1
49.7,102.763,2.05918,1.8104,-0.59214,0.0766164,-0.290052,-130.118,1
49.8,102.945,1.99862,1.82366,-0.619051,0.132604,-0.269102,-129.918,1
49.9,103.128,1.9355,1.84145,-0.643206,0.177915,-0.24155,-129.741,1
50,103.313,1.87012,1.86268,-0.664406,0.212255,-0.212009,-129.59,1
50.1,103.5,1.80276,1.88635,-0.682843,0.236665,-0.184363,-129.467,1
50.2,103.69,1.73367,1.91163,-0.698992,0.252827,-0.161488,-129.374,1
50.3,103.883,1.66304,1.93788,-0.71352,0.262474,-0.145285,-129.311,1
50.4,104.078,1.59101,1.96457,-0.727208,0.266955,-0.136876,-129.279,1
50.5,104.276,1.5176,1.99127,-0.740889,0.266987,-0.136813,-129.279,1
50.6,104.476,1.44279,2.01752,-0.755409,0.262521,-0.145199,-129.311,1
50.7,104.679,1.36644,2.04279,-0.771577,0.252706,-0.161678,-129.374,1
50.8,104.885,1.28835,2.06639,-0.790105,0.235943,-0.185286,-129.471,1
50.9,105.092,1.20827,2.0874,-0.811522,0.210077,-0.214168,-129.6,1
51,105.302,1.12589,2.10468,-0.836045,0.172809,-0.245228,-129.762,1
51.1,105.513,1.04092,2.11692,-0.863434,0.122406,-0.273892,-129.956,1
51.2,105.725,0.953105,2.12279,-0.892854,0.0586867,-0.294204,-130.179,1
51.3,105.937,0.862322,2.12119,-0.922812,-0.0159179,-0.299577,-130.429,1
51.4,106.149,0.768619,2.11162,-0.951243,-0.0957453,-0.284311,-130.701,1
51.5,106.359,0.672267,2.09439,-0.9758,-0.172334,-0.245563,-130.988,1
51.6,106.567,0.573762,2.07076,-0.994293,-0.236223,-0.184929,-131.283,1
51.7,106.773,0.47379,2.0428,-1.00515,-0.279649,-0.108612,-131.576,1
51.8,106.976,0.373145,2.01291,-1.00773,-0.29889,-0.0257857,-131.861,1
51.9,107.176,0.272643,1.9834,-1.00232,-0.295073,0.0541491,-132.128,1
52,107.373,0.173031,1.95609,-0.989914,-0.273158,0.124034,-132.373,1
52.1,107.567,0.0749406,1.9321,-0.971901,-0.239902,0.18013,-132.591,1
52.2,107.759,-0.02114,1.91191,-0.949712,-0.201902,0.221891,-132.779,1
52.3,107.95,-0.114857,1.89546,-0.924619,-0.164424,0.250928,-132.938,1
52.4,108.139,-0.205969,1.88236,-0.897634,-0.131066,0.269855,-133.066,1
52.5,108.326,-0.294326,1.87196,-0.869493,-0.103973,0.281406,-133.164,1
52.6,108.513,-0.379835,1.86353,-0.840701,-0.0842669,0.287922,-133.233,1
52.7,108.699,-0.46245,1.85629,-0.811589,-0.07247,0.291115,-133.274,1
52.8,108.884,-0.542149,1.8494,-0.782389,-0.0688307,0.291997,-133.286,1
52.9,109.069,-0.618933,1.84205,-0.753304,-0.0735174,0.290853,-133.27,1
53,109.253,-0.692828,1.83338,-0.724584,-0.0866831,0.287204,-133.225,1
53.1,109.435,-0.763887,1.82254,-0.69661,-0.108389,0.279735,-133.148,1
53.2,109.617,-0.832217,1.80871,-0.669991,-0.138353,0.266192,-133.038,1
53.3,109.797,-0.898,1.79116,-0.645658,-0.175469,0.243332,-132.893,1
53.4,109.975,-0.96153,1.76946,-0.624948,-0.217052,0.207095,-132.709,1
53.5,110.151,-1.02326,1.74367,-0.609618,-0.257873,0.153303,-132.483,1
53.6,110.324,-1.08382,1.71474,-0.601693,-0.289342,0.0792537,-132.214,1
53.7,110.494,-1.14406,1.68477,-0.603053,-0.299692,-0.0136009,-131.902,1
53.8,110.661,-1.20495,1.65712,-0.614713,-0.276411,-0.116605,-131.548,1
53.9,110.825,-1.26748,1.63596,-0.635978,-0.211617,-0.212646,-131.159,1
54,110.988,-1.33248,1.62511,-0.663946,-0.108539,-0.279677,-130.746,1
54.1,111.151,-1.40037,1.62669,-0.693904,0.0157764,-0.299585,-130.323,1
54.2,111.314,-1.4711,1.64027,-0.720653,0.135825,-0.267491,-129.906,1
54.3,111.479,-1.54414,1.66315,-0.74006,0.228772,-0.194071,-129.509,1
54.4,111.647,-1.61864,1.69147,-0.749957,0.283206,-0.098967,-129.141,1
54.5,111.818,-1.69364,1.72147,-0.750078,0.299998,-0.00121422,-128.809,1
54.6,111.991,-1.76821,1.75019,-0.741417,0.287224,0.086617,-128.512,1
54.7,112.168,-1.84156,1.77563,-0.725517,0.254399,0.159,-128.247,1
54.8,112.346,-1.91304,1.79654,-0.704003,0.209079,0.215141,-128.006,1
54.9,112.527,-1.98216,1.81213,-0.678372,0.155912,0.256303,-127.781,1
55,112.708,-2.04857,1.82183,-0.649986,0.0970534,0.283867,-127.564,1
55.1,112.891,-2.11208,1.82514,-0.620169,0.0330907,0.298169,-127.345,1
55.2,113.073,-2.17261,1.82156,-0.590384,-0.0358625,0.297849,-127.115,1
55.3,113.255,-2.23025,1.81067,-0.562428,-0.108854,0.279555,-126.863,1
55.4,113.435,-2.2853,1.79243,-0.538609,-0.18238,0.238196,-126.581,1
55.5,113.613,-2.33832,1.7676,-0.521773,-0.248308,0.168354,-126.26,1
55.6,113.788,-2.39016,1.73838,-0.514993,-0.292237,0.0678051,-125.892,1
55.7,113.961,-2.44194,1.70892,-0.520643,-0.29463,-0.0565062,-125.474,1
55.8,114.13,-2.49492,1.68511,-0.538901,-0.238049,-0.182573,-125.009,1
55.9,114.298,-2.55018,1.67303,-0.566362,-0.120766,-0.274619,-124.507,1
56,114.466,-2.60831,1.67626,-0.596188,0.0323062,-0.298255,-123.985,1
56.1,114.634,-2.66914,1.69389,-0.620467,0.17622,-0.242789,-123.465,1
56.2,114.805,-2.73184,1.72094,-0.633428,0.270556,-0.129613,-122.969,1
56.3,114.978,-2.79516,1.75094,-0.63311,0.299983,0.00317944,-122.512,1
56.4,115.155,-2.85786,1.77829,-0.620783,0.273502,0.123275,-122.099,1
56.5,115.334,-2.91886,1.7993,-0.599363,0.210048,0.214195,-121.727,1
56.6,115.514,-2.97744,1.81195,-0.572161,0.126501,0.272025,-121.387,1
56.7,115.696,-3.03317,1.81533,-0.542352,0.0338077,0.298089,-121.064,1
56.8,115.877,-3.08593,1.80918,-0.512988,-0.0614536,0.293638,-120.745,1
56.9,116.057,-3.13594,1.79382,-0.487217,-0.153575,0.257711,-120.414,1
57,116.235,-3.18373,1.77043,-0.468439,-0.233961,0.187782,-120.057,1
57.1,116.411,-3.23015,1.74161,-0.460108,-0.288201,0.0833076,-119.662,1
57.2,116.584,-3.2764,1.71199,-0.464874,-0.296189,-0.0476643,-119.221,1
57.3,116.754,-3.3238,1.68808,-0.482991,-0.239123,-0.181164,-118.732,1
57.4,116.922,-3.37348,1.6766,-0.510708,-0.114776,-0.277176,-118.202,1
57.5,117.09,-3.42603,1.68143,-0.540316,0.0483617,-0.296076,-117.648,1
57.6,117.259,-3.48119,1.70116,-0.562917,0.197277,-0.226013,-117.092,1
57.7,117.43,-3.53796,1.72963,-0.572374,0.284704,-0.09457,-116.56,1
57.8,117.605,-3.59494,1.7592,-0.567288,0.295658,0.0508581,-116.069,1
57.9,117.782,-3.65081,1.78375,-0.550043,0.245481,0.17245,-115.627,1
58,117.961,-3.70454,1.79974,-0.524663,0.159956,0.253799,-115.23,1
58.1,118.141,-3.75554,1.80576,-0.495272,0.0601373,0.293911,-114.87,1
58.2,118.322,-3.80358,1.80164,-0.465556,-0.0411923,0.297159,-114.53,1
58.3,118.501,-3.8488,1.78799,-0.438839,-0.136455,0.26717,-114.196,1
58.4,118.679,-3.89166,1.76612,-0.418309,-0.218745,0.205307,-113.851,1
58.5,118.854,-3.93293,1.73831,-0.407057,-0.278101,0.112516,-113.482,1
58.6,119.027,-3.97366,1.70831,-0.407668,-0.299938,-0.00610853,-113.077,1
58.7,119.196,-4.01511,1.68153,-0.421184,-0.267829,-0.135157,-112.63,1
58.8,119.363,-4.05845,1.66424,-0.445698,-0.17293,-0.245143,-112.141,1
58.9,119.53,-4.10451,1.66149,-0.475572,-0.0274821,-0.298739,-111.618,1
59,119.696,-4.15342,1.67447,-0.50262,0.12977,-0.270481,-111.079,1
59.1,119.865,-4.20452,1.69939,-0.519321,0.249214,-0.16701,-110.546,1
59.2,120.037,-4.25658,1.72928,-0.521879,0.298907,-0.0255821,-110.041,1
59.3,120.211,-4.30822,1.75718,-0.51086,0.27903,0.110192,-109.58,1
59.4,120.388,-4.35824,1.77834,-0.48959,0.211563,0.212699,-109.168,1
59.5,120.566,-4.40583,1.7905,-0.462165,0.121602,0.27425,-108.802,1
59.6,120.745,-4.45055,1.79318,-0.432285,0.0268198,0.298799,-108.474,1
59.7,120.924,-4.49231,1.78684,-0.402963,-0.0634049,0.293223,-108.172,1
59.8,121.102,-4.53129,1.77237,-0.376682,-0.144681,0.262807,-107.882,1
59.9,121.278,-4.56791,1.75097,-0.355658,-0.214,0.210247,-107.591,1
60,121.452,-4.60279,1.72426,-0.341993,-0.267074,0.136644,-107.287,1
60.1,121.623,-4.63677,1.69458,-0.337621,-0.296797,0.0437183,-106.96,1
60.2,121.791,-4.67085,1.66525,-0.34392,-0.293314,-0.0629852,-106.603,1
60.3,121.956,-4.7061,1.64058,-0.360986,-0.246727,-0.170663,-106.209,1
60.4,122.12,-4.74349,1.62525,-0.386776,-0.153257,-0.2579,-105.78,1
60.5,122.282,-4.78366,1.62295,-0.416688,-0.0229991,-0.299117,-105.32,1
60.6,122.445,-4.82671,1.63465,-0.444313,0.116987,-0.27625,-104.843,1
60.7,122.61,-4.8721,1.65776,-0.46345,0.231032,-0.191375,-104.364,1
60.8,122.777,-4.91878,1.68696,-0.470301,0.292073,-0.0685102,-103.903,1
60.9,122.947,-4.96552,1.71637,-0.464384,0.294106,0.0591731,-103.474,1
61,123.12,-5.01113,1.74138,-0.447808,0.250047,0.16576,-103.087,1
61.1,123.295,-5.05471,1.75938,-0.423811,0.180037,0.239972,-102.745,1
61.2,123.471,-5.09568,1.76951,-0.395574,0.101323,0.282371,-102.446,1
61.3,123.648,-5.13374,1.77197,-0.365674,0.0245252,0.298996,-102.184,1
61.4,123.825,-5.16883,1.76741,-0.336021,-0.0455244,0.296526,-101.949,1
61.5,124.002,-5.20103,1.75666,-0.308014,-0.107516,0.280072,-101.735,1
61.6,124.176,-5.23056,1.7405,-0.282743,-0.161674,0.252708,-101.533,1
61.7,124.35,-5.25776,1.71965,-0.261166,-0.208424,0.215776,-101.334,1
61.8,124.52,-5.28303,1.6949,-0.244223,-0.247574,0.169432,-101.131,1
61.9,124.688,-5.30689,1.66712,-0.232894,-0.277788,0.113286,-100.918,1
62,124.854,-5.32994,1.63749,-0.228177,-0.296268,0.0471698,-100.689,1
62.1,125.016,-5.3529,1.60762,-0.230965,-0.298702,-0.0278739,-100.438,1
62.2,125.175,-5.37653,1.57965,-0.241803,-0.279738,-0.108381,-100.161,1
62.3,125.332,-5.40165,1.55621,-0.260533,-0.234346,-0.187301,-99.8567,1
62.4,125.487,-5.42897,1.54018,-0.285893,-0.160267,-0.253603,-99.5238,1
62.5,125.641,-5.45903,1.53408,-0.315265,-0.0610818,-0.293716,-99.1652,1
62.6,125.794,-5.49203,1.53925,-0.344815,0.0517204,-0.295508,-98.7869,1
62.7,125.949,-5.52779,1.55525,-0.370195,0.159965,-0.253794,-98.3978,1
62.8,126.106,-5.56568,1.57967,-0.387615,0.244243,-0.174199,-98.0089,1
62.9,126.265,-5.6048,1.60879,-0.394823,0.291213,-0.0720783,-97.632,1
63,126.427,-5.64411,1.6386,-0.391473,0.298124,0.0334975,-97.2775,1
63.1,126.593,-5.68263,1.66579,-0.378795,0.271897,0.126776,-96.9531,1
63.2,126.76,-5.71951,1.68822,-0.358874,0.22431,0.199211,-96.6632,1
63.3,126.93,-5.75415,1.70492,-0.333952,0.167004,0.249218,-96.409,1
63.4,127.101,-5.78615,1.71579,-0.305989,0.108649,0.279635,-96.1892,1
63.5,127.273,-5.81527,1.72123,-0.276486,0.0543913,0.295028,-96.0009,1
63.6,127.445,-5.84142,1.72188,-0.246493,0.00655173,0.299928,-95.8404,1
63.7,127.617,-5.86458,1.71845,-0.216691,-0.0343684,0.298025,-95.7038,1
63.8,127.789,-5.88479,1.71156,-0.187491,-0.0688434,0.291994,-95.587,1
63.9,127.959,-5.90212,1.70179,-0.159129,-0.0977668,0.283622,-95.4866,1
64,128.129,-5.91666,1.68957,-0.131728,-0.122134,0.274013,-95.3993,1
64.1,128.297,-5.92852,1.67528,-0.105349,-0.142888,0.263786,-95.3221,1
64.2,128.464,-5.93778,1.6592,-0.0800259,-0.160854,0.253231,-95.2527,1
64.3,128.629,-5.94458,1.64153,-0.0557837,-0.176724,0.242422,-95.1887,1
64.4,128.792,-5.949,1.62242,-0.0326548,-0.191064,0.231289,-95.1281,1
64.5,128.953,-5.95116,1.60199,-0.0106885,-0.204324,0.219663,-95.0693,1
64.6,129.112,-5.9512,1.5803,0.0100426,-0.216846,0.207311,-95.0107,1
64.7,129.269,-5.94922,1.55741,0.0294372,-0.228878,0.193946,-94.9507,1
64.8,129.424,-5.94538,1.53336,0.0473609,-0.24057,0.179238,-94.8881,1
64.9,129.576,-5.93983,1.50816,0.063643,-0.251971,0.16282,-94.8215,1
65,129.725,-5.93275,1.48186,0.0780726,-0.263018,0.144296,-94.7496,1
65.1,129.872,-5.92432,1.45451,0.0903973,-0.273515,0.123247,-94.6711,1
65.2,130.016,-5.91479,1.4262,0.100322,-0.283108,0.0992475,-94.585,1
65.3,130.157,-5.9044,1.39707,0.107512,-0.291257,0.0718994,-94.4898,1
65.4,130.296,-5.89344,1.36735,0.111599,-0.297202,0.0408749,-94.3845,1
65.5,130.431,-5.88225,1.33736,0.112198,-0.29994,0.00598924,-94.2677,1
65.6,130.563,-5.87119,1.30753,0.108928,-0.298212,-0.0327005,-94.1386,1
65.7,130.692,-5.86067,1.27848,0.101452,-0.290534,-0.074767,-93.9959,1
65.8,130.819,-5.85113,1.25095,0.0895253,-0.275275,-0.119264,-93.8389,1
65.9,130.943,-5.843,1.22587,0.0730676,-0.250828,-0.164577,-93.6671,1
66,131.064,-5.83673,1.20428,0.0522352,-0.215873,-0.208324,-93.4802,1
66.1,131.184,-5.83274,1.18731,0.0274992,-0.169744,-0.24736,-93.2784,1
66.2,131.302,-5.83138,1.17603,-0.000297759,-0.11284,-0.27797,-93.0626,1
66.3,131.419,-5.8329,1.17133,-0.0299276,-0.0469843,-0.296298,-92.8342,1
66.4,131.537,-5.83738,1.17377,-0.0598281,0.0244132,-0.299005,-92.5955,1
66.5,131.654,-5.84479,1.18342,-0.0882316,0.0965596,-0.284036,-92.3493,1
66.6,131.774,-5.85487,1.19981,-0.113359,0.163898,-0.251271,-92.099,1
66.7,131.895,-5.86722,1.22192,-0.13364,0.221061,-0.20281,-91.8486,1
66.8,132.018,-5.88129,1.24831,-0.147911,0.263884,-0.142707,-91.6019,1
66.9,132.144,-5.89647,1.27732,-0.155532,0.290158,-0.0762111,-91.363,1
67,132.274,-5.91206,1.30731,-0.156407,0.299872,-0.00875097,-91.1354,1
67.1,132.406,-5.92743,1.3368,-0.150907,0.294915,0.0550017,-90.9218,1
67.2,132.541,-5.94196,1.36465,-0.139734,0.278419,0.111728,-90.7246,1
67.3,132.679,-5.95514,1.39005,-0.123771,0.254005,0.159629,-90.5451,1
67.4,132.819,-5.96652,1.41256,-0.103945,0.225155,0.198256,-90.3842,1
67.5,132.961,-5.97578,1.43204,-0.0811313,0.194813,0.22814,-90.2422,1
67.6,133.105,-5.98264,1.44857,-0.0560914,0.165228,0.250399,-90.1187,1
67.7,133.251,-5.98691,1.46236,-0.0294518,0.137962,0.266396,-90.0132,1
67.8,133.397,-5.98847,1.47376,-0.00170202,0.113995,0.277498,-89.9252,1
67.9,133.545,-5.98722,1.48315,0.0267915,0.0938712,0.284935,-89.8536,1
68,133.694,-5.98309,1.49093,0.0557644,0.0778289,0.289729,-89.7978,1
68.1,133.843,-5.97605,1.49752,0.0850313,0.0659153,0.292669,-89.7569,1
68.2,133.993,-5.96607,1.50333,0.114464,0.0580691,0.294326,-89.7302,1
68.3,134.144,-5.95315,1.50875,0.143971,0.054177,0.295068,-89.717,1
68.4,134.295,-5.93728,1.51416,0.173479,0.0541072,0.29508,-89.7167,1
68.5,134.447,-5.91846,1.51993,0.202918,0.0577256,0.294394,-89.729,1
68.6,134.599,-5.8967,1.52642,0.232208,0.064898,0.292896,-89.7534,1
68.7,134.752,-5.87203,1.53397,0.261243,0.0754821,0.290349,-89.7897,1
68.8,134.906,-5.84448,1.5429,0.289882,0.0893102,0.286398,-89.8377,1
68.9,135.061,-5.81408,1.55352,0.317941,0.106165,0.280587,-89.8971,1
69,135.217,-5.78093,1.56609,0.345179,0.125747,0.272374,-89.9679,1
69.1,135.374,-5.7451,1.58085,0.371294,0.147643,0.261154,-90.0499,1
69.2,135.533,-5.70674,1.59798,0.395923,0.17129,0.246292,-90.1431,1
69.3,135.694,-5.66602,1.61758,0.41864,0.19594,0.227173,-90.2471,1
69.4,135.857,-5.62313,1.63964,0.438967,0.220643,0.203265,-90.3618,1
69.5,136.022,-5.57837,1.66407,0.456387,0.244244,0.174197,-90.4867,1
69.6,136.19,-5.53203,1.69061,0.470372,0.265408,0.139852,-90.6212,1
69.7,136.36,-5.48449,1.71888,0.480417,0.282684,0.100448,-90.7648,1
69.8,136.534,-5.43617,1.74834,0.486078,0.29461,0.05661,-90.9163,1
69.9,136.71,-5.38751,1.77832,0.487018,0.299853,0.00940497,-91.0748,1
70,136.889,-5.33901,1.80806,0.48305,0.297364,-0.0396854,-91.2389,1
70.1,137.071,-5.29115,1.83671,0.474164,0.28654,-0.0888542,-91.4069,1
70.2,137.256,-5.24441,1.86345,0.460552,0.267338,-0.136126,-91.5772,1
70.3,137.444,-5.19925,1.88748,0.442595,0.240328,-0.179562,-91.7479,1
70.4,137.634,-5.15608,1.90814,0.420848,0.206654,-0.217472,-91.9171,1
70.5,137.825,-5.11524,1.92494,0.395988,0.167919,-0.248603,-92.0829,1
70.6,138.019,-5.077,1.93754,0.368762,0.125994,-0.27226,-92.2436,1
70.7,138.213,-5.04157,1.94582,0.339928,0.0828157,-0.288343,-92.3973,1
70.8,138.408,-5.00906,1.94984,0.310198,0.0401827,-0.297297,-92.5426,1
70.9,138.603,-4.97954,1.9498,0.280198,-0.000388714,-0.3,-92.6783,1
71,138.797,-4.95301,1.94602,0.250436,-0.0377516,-0.297615,-92.8032,1
71.1,138.992,-4.92942,1.93891,0.221292,-0.0711489,-0.291441,-92.9164,1
71.2,139.185,-4.90871,1.92889,0.193015,-0.100182,-0.282778,-93.0175,1
71.3,139.377,-4.89077,1.91641,0.165731,-0.124743,-0.272836,-93.1058,1
71.4,139.568,-4.87551,1.90192,0.139464,-0.144936,-0.262666,-93.1812,1
71.5,139.758,-4.86283,1.88582,0.11415,-0.160997,-0.25314,-93.2435,1
71.6,139.945,-4.85264,1.8685,0.0896563,-0.173217,-0.244941,-93.2925,1
71.7,140.131,-4.84487,1.85031,0.0657991,-0.181888,-0.238572,-93.3284,1
71.8,140.315,-4.83946,1.83158,0.0423613,-0.187261,-0.234378,-93.3511,1
71.9,140.497,-4.83639,1.81263,0.0191053,-0.189515,-0.23256,-93.3607,1
72,140.678,-4.83564,1.79376,-0.00421348,-0.188742,-0.233188,-93.3574,1
72.1,140.856,-4.83724,1.77526,-0.0278348,-0.184941,-0.236213,-93.3412,1
72.2,141.033,-4.84123,1.75746,-0.0519817,-0.178024,-0.241469,-93.3123,1
72.3,141.208,-4.84768,1.74068,-0.0768481,-0.167828,-0.248664,-93.2707,1
72.4,141.381,-4.85665,1.72527,-0.102586,-0.154134,-0.257376,-93.2166,1
72.5,141.553,-4.86824,1.7116,-0.12929,-0.136705,-0.267043,-93.1501,1
72.6,141.724,-4.88255,1.70006,-0.156985,-0.115324,-0.276948,-93.0716,1
72.7,141.893,-4.89968,1.69108,-0.185608,-0.0898485,-0.286229,-92.9811,1
72.8,142.062,-4.91971,1.68505,-0.214996,-0.0602725,-0.293883,-92.8793,1
72.9,142.23,-4.94271,1.68237,-0.244876,-0.0267904,-0.298801,-92.7664,1
73,142.399,-4.96869,1.68339,-0.274859,0.0101418,-0.299829,-92.6432,1
73.1,142.567,-4.99766,1.68836,-0.304444,0.0497612,-0.295844,-92.5103,1
73.2,142.736,-5.02953,1.69746,-0.333031,0.090981,-0.285871,-92.3689,1
73.3,142.907,-5.06418,1.7107,-0.35995,0.132415,-0.269196,-92.2198,1
73.4,143.079,-5.10141,1.72795,-0.384498,0.172451,-0.24548,-92.0646,1
73.5,143.253,-5.14093,1.74888,-0.405984,0.209374,-0.214855,-91.9045,1
73.6,143.429,-5.18242,1.77304,-0.423779,0.241521,-0.177954,-91.7412,1
73.7,143.607,-5.22547,1.79978,-0.437368,0.267457,-0.135892,-91.5763,1
73.8,143.789,-5.26966,1.82839,-0.446385,0.286129,-0.090168,-91.4115,1
73.9,143.973,-5.31451,1.85809,-0.450637,0.296971,-0.0425199,-91.2484,1
74,144.16,-5.35955,1.88809,-0.450111,0.299954,0.00525702,-91.0887,1
74.1,144.351,-5.4043,1.91764,-0.444963,0.295549,0.0514849,-90.9337,1
74.2,144.544,-5.44833,1.94611,-0.435488,0.284645,0.0947488,-90.7849,1
74.3,144.74,-5.49121,1.97295,-0.422089,0.268415,0.13399,-90.6432,1
74.4,144.938,-5.53257,1.99777,-0.405235,0.24818,0.168543,-90.5096,1
74.5,145.139,-5.57211,2.02029,-0.385423,0.225276,0.198118,-90.3848,1
74.6,145.342,-5.60953,2.04039,-0.363148,0.200954,0.22275,-90.2694,1
74.7,145.547,-5.64463,2.05802,-0.338876,0.176311,0.242723,-90.1636,1
74.8,145.754,-5.67723,2.07325,-0.313026,0.152256,0.258492,-90.0677,1
74.9,145.962,-5.70718,2.0862,-0.285966,0.129504,0.270608,-89.9817,1
75,146.171,-5.73438,2.09706,-0.258,0.108587,0.279658,-89.9058,1
75.1,146.381,-5.75875,2.10604,-0.229378,0.0898834,0.286218,-89.8397,1
75.2,146.592,-5.78023,2.11341,-0.200296,0.0736437,0.290821,-89.7834,1
75.3,146.804,-5.79879,2.11941,-0.170902,0.0600241,0.293934,-89.7368,1
75.4,147.016,-5.8144,2.12432,-0.141307,0.0491139,0.295952,-89.6998,1
75.5,147.228,-5.82705,2.12842,-0.111588,0.0409592,0.297191,-89.6723,1
75.6,147.441,-5.83672,2.13198,-0.0817999,0.0355825,0.297882,-89.6543,1
75.7,147.655,-5.8434,2.13528,-0.0519819,0.0329964,0.29818,-89.6456,1
75.8,147.869,-5.84711,2.1386,-0.0221664,0.0332129,0.298156,-89.6463,1
75.9,148.083,-5.84784,2.14222,0.00761384,0.0362485,0.297802,-89.6565,1
76,148.297,-5.84559,2.14643,0.0373166,0.0421232,0.297028,-89.6763,1
76.1,148.512,-5.84038,2.15152,0.0668824,0.0508568,0.295658,-89.7057,1
76.2,148.727,-5.83223,2.15777,0.0962251,0.0624577,0.293426,-89.7451,1
76.3,148.944,-5.82116,2.16546,0.125223,0.076908,0.289974,-89.7946,1
76.4,149.161,-5.80721,2.17487,0.153707,0.0941398,0.284847,-89.8546,1
76.5,149.379,-5.79045,2.18627,0.181457,0.114006,0.277493,-89.9252,1
76.6,149.598,-5.77097,2.1999,0.208184,0.136244,0.267278,-90.0068,1
76.7,149.819,-5.74888,2.21594,0.233534,0.160431,0.253499,-90.0996,1
76.8,150.041,-5.72435,2.23453,0.257077,0.185942,0.235426,-90.2039,1
76.9,150.266,-5.69758,2.25572,0.278313,0.211904,0.21236,-90.3197,1
77,150.493,-5.66883,2.27944,0.296684,0.23717,0.183713,-90.4471,1
77.1,150.722,-5.63842,2.30547,0.311596,0.260313,0.149121,-90.586,1
77.2,150.954,-5.60672,2.33344,0.322453,0.279667,0.108564,-90.7359,1
77.3,151.189,-5.57416,2.36278,0.328702,0.293419,0.0624912,-90.8963,1
77.4,151.426,-5.54123,2.39276,0.329894,0.299763,0.0119226,-91.0664,1
77.5,151.667,-5.50845,2.42247,0.325743,0.297114,-0.041513,-91.245,1
77.6,151.911,-5.47635,2.4509,0.31618,0.284351,-0.0956277,-91.4306,1
77.7,152.157,-5.44547,2.47701,0.301396,0.261045,-0.147837,-91.6215,1
77.8,152.406,-5.41631,2.49977,0.281854,0.227617,-0.195424,-91.8156,1
77.9,152.657,-5.3893,2.51831,0.258266,0.185374,-0.235874,-92.0109,1
78,152.909,-5.36481,2.53195,0.231546,0.136392,-0.267203,-92.205,1
78.1,153.163,-5.3431,2.54027,0.202725,0.0832692,-0.288212,-92.3957,1
78.2,153.417,-5.32432,2.54315,0.172863,0.028787,-0.298616,-92.5809,1
78.3,153.671,-5.30853,2.54071,0.142963,-0.0244308,-0.299004,-92.7585,1
78.4,153.925,-5.29569,2.53329,0.113895,-0.0741983,-0.29068,-92.9269,1
78.5,154.178,-5.28567,2.52139,0.0863536,-0.118938,-0.275416,-93.0846,1
78.6,154.429,-5.27831,2.50562,0.0608346,-0.157729,-0.25519,-93.2306,1
78.7,154.679,-5.27339,2.4866,0.0376391,-0.190254,-0.231956,-93.3639,1
78.8,154.926,-5.27066,2.46493,0.016891,-0.216683,-0.207481,-93.4841,1
78.9,155.172,-5.26989,2.44117,-0.00143422,-0.237526,-0.183252,-93.5907,1
79,155.414,-5.27084,2.41583,-0.0174788,-0.25349,-0.160446,-93.6835,1
79.1,155.655,-5.27328,2.38929,-0.0314731,-0.26536,-0.139943,-93.7625,1
79.2,155.892,-5.27704,2.3619,-0.0437106,-0.273906,-0.122374,-93.8276,1
79.3,156.127,-5.28195,2.33392,-0.0545274,-0.279821,-0.108168,-93.8789,1
79.4,156.359,-5.2879,2.30555,-0.0642884,-0.283677,-0.0976095,-93.9164,1
79.5,156.588,-5.29478,2.27696,-0.0733767,-0.285903,-0.0908832,-93.94,1
79.6,156.814,-5.30256,2.24828,-0.0821879,-0.286769,-0.0881118,-93.9497,1
79.7,157.038,-5.31122,2.21964,-0.0911257,-0.286377,-0.0893784,-93.9453,1
79.8,157.258,-5.32081,2.19118,-0.100599,-0.284649,-0.0947358,-93.9265,1
79.9,157.476,-5.33139,2.16305,-0.111019,-0.281322,-0.104201,-93.8931,1
80,157.691,-5.34308,2.13545,-0.122792,-0.275934,-0.117731,-93.8445,1
80.1,157.903,-5.35604,2.10867,-0.136311,-0.267816,-0.135183,-93.7803,1
80.2,158.113,-5.37045,2.08306,-0.151936,-0.256099,-0.156247,-93.7,1
80.3,158.32,-5.38654,2.05909,-0.169971,-0.239732,-0.180357,-93.6028,1
80.4,158.525,-5.40457,2.03734,-0.19063,-0.217536,-0.206587,-93.4882,1
80.5,158.728,-5.4248,2.0185,-0.213983,-0.188317,-0.233531,-93.3556,1
80.6,158.929,-5.4475,2.0034,-0.239903,-0.151047,-0.259201,-93.2046,1
80.7,159.128,-5.47289,1.99289,-0.268001,-0.105125,-0.280978,-93.035,1
80.8,159.327,-5.50117,1.98781,-0.297569,-0.0507223,-0.295681,-92.8469,1
80.9,159.526,-5.53243,1.9889,-0.327549,0.010856,-0.299804,-92.6408,1
81,159.726,-5.56663,1.99659,-0.356548,0.0768778,-0.289982,-92.4178,1
81.1,159.926,-5.60361,2.0109,-0.382914,0.143109,-0.263666,-92.1797,1
81.2,160.128,-5.643,2.03131,-0.404902,0.204097,-0.219873,-91.9288,1
81.3,160.332,-5.68429,2.0567,-0.420883,0.25389,-0.159811,-91.668,1
81.4,160.54,-5.72681,2.08541,-0.429592,0.28708,-0.087091,-91.4007,1
81.5,160.75,-5.76981,2.1154,-0.430327,0.29991,-0.00734936,-91.1307,1
81.6,160.963,-5.81247,2.1445,-0.423058,0.291062,0.0726837,-90.8615,1
81.7,161.178,-5.85405,2.17069,-0.408418,0.261852,0.146402,-90.5964,1
81.8,161.397,-5.89385,2.19227,-0.387576,0.215776,0.208424,-90.3381,1
81.9,161.617,-5.93133,2.20803,-0.36205,0.157627,0.255252,-90.0886,1
82,161.838,-5.96611,2.21728,-0.333513,0.0925123,0.28538,-89.8489,1
82.1,162.06,-5.99796,2.21979,-0.303618,0.0250783,0.29895,-89.6191,1
82.2,162.281,-6.02684,2.2157,-0.273898,-0.0409245,0.297196,-89.3985,1
82.3,162.502,-6.05282,2.20542,-0.245712,-0.102735,0.281861,-89.1859,1
82.4,162.722,-6.07612,2.18958,-0.220237,-0.158433,0.254753,-88.979,1
82.5,162.94,-6.09705,2.16891,-0.19849,-0.206655,0.217471,-88.7755,1
82.6,163.156,-6.11605,2.14429,-0.181358,-0.246275,0.171315,-88.5724,1
82.7,163.369,-6.1336,2.11668,-0.169624,-0.276099,0.117343,-88.3665,1
82.8,163.579,-6.15028,2.08721,-0.163966,-0.294616,0.0565787,-88.1543,1
82.9,163.786,-6.16672,2.05723,-0.164932,-0.299844,-0.00966406,-87.9324,1
83,163.991,-6.18361,2.0283,-0.172864,-0.289324,-0.0793215,-87.697,1
83.1,164.192,-6.20164,2.00226,-0.187767,-0.260366,-0.149029,-87.4447,1
83.2,164.391,-6.22149,1.98119,-0.209125,-0.210679,-0.213575,-87.1724,1
83.3,164.589,-6.24373,1.96724,-0.235685,-0.139482,-0.265603,-86.8774,1
83.4,164.785,-6.26877,1.96234,-0.265281,-0.0490707,-0.29596,-86.5581,1
83.5,164.982,-6.29678,1.96769,-0.294799,0.0535431,-0.295183,-86.2144,1
83.6,165.179,-6.32754,1.98327,-0.320435,0.155827,-0.256355,-85.8476,1
83.7,165.379,-6.36048,2.00737,-0.338311,0.240928,-0.178756,-85.4613,1
83.8,165.581,-6.39466,2.03652,-0.345376,0.291561,-0.0706549,-85.0608,1
83.9,165.786,-6.42895,2.06609,-0.340284,0.295647,0.0509173,-84.6525,1
84,165.994,-6.46215,2.09119,-0.323853,0.250998,0.164317,-84.2434,1
84.1,166.204,-6.49329,2.10781,-0.298882,0.166269,0.249709,-83.8396,1
84.2,166.415,-6.5217,2.11358,-0.269441,0.0576688,0.294405,-83.4456,1
84.3,166.626,-6.54718,2.10795,-0.239975,-0.0563606,0.294658,-83.0632,1
84.4,166.836,-6.5699,2.09199,-0.214568,-0.159514,0.254077,-82.6916,1
84.5,167.044,-6.59046,2.06804,-0.196504,-0.239522,0.180636,-82.3276,1
84.6,167.249,-6.60969,2.03925,-0.188078,-0.287923,0.0842635,-81.9661,1
84.7,167.452,-6.62861,2.00935,-0.190487,-0.299031,-0.0240919,-81.601,1
84.8,167.651,-6.64832,1.98241,-0.203694,-0.269365,-0.13207,-81.2256,1
84.9,167.849,-6.66982,1.96257,-0.226195,-0.198422,-0.225008,-80.8333,1
85,168.044,-6.69387,1.95346,-0.254779,-0.0910573,-0.285847,-80.419,1
85.1,168.24,-6.72083,1.95739,-0.284522,0.0392519,-0.297421,-79.9794,1
85.2,168.437,-6.75052,1.97424,-0.309342,0.168508,-0.248204,-79.5142,1
85.3,168.635,-6.78216,2.00075,-0.323375,0.265156,-0.140329,-79.0266,1
85.4,168.837,-6.81447,2.03075,-0.322878,0.299959,0.00497189,-78.5232,1
85.5,169.041,-6.84601,2.05669,-0.307801,0.259363,0.150767,-78.0133,1
85.6,169.248,-6.8755,2.07204,-0.282026,0.153506,0.257752,-77.5062,1
85.7,169.455,-6.9022,2.07325,-0.252051,0.0121836,0.299752,-77.0096,1
85.8,169.662,-6.92605,2.06044,-0.224925,-0.128141,0.271256,-76.5277,1
85.9,169.867,-6.94762,2.03677,-0.206491,-0.236687,0.184334,-76.0599,1
86,170.069,-6.96797,2.00739,-0.200424,-0.293801,0.0606707,-75.6019,1
86.1,170.268,-6.98838,1.97834,-0.207902,-0.290532,-0.0747742,-75.1463,1
86.2,170.465,-7.01016,1.95566,-0.227535,-0.226834,-0.196332,-74.6848,1
86.3,170.66,-7.0343,1.94448,-0.255376,-0.111748,-0.278411,-74.2091,1
86.4,170.854,-7.06133,1.9479,-0.285181,0.0341881,-0.298046,-73.7132,1
86.5,171.05,-7.09106,1.96565,-0.309368,0.177471,-0.241876,-73.1944,1
86.6,171.248,-7.12257,1.9933,-0.320995,0.276555,-0.116264,-72.6546,1
86.7,171.449,-7.15444,2.02294,-0.316324,0.296342,0.0467083,-72.1003,1
86.8,171.652,-7.18509,2.04559,-0.296653,0.226504,0.196713,-71.5415,1
86.9,171.857,-7.21332,2.05455,-0.268022,0.0895929,0.286309,-70.9891,1
87,172.062,-7.23867,2.04759,-0.238839,-0.0695658,0.291823,-70.4518,1
87.1,172.266,-7.26145,2.0271,-0.216929,-0.20492,0.219107,-69.9339,1
87.2,172.467,-7.28268,1.99861,-0.207514,-0.284843,0.0941507,-69.4343,1
87.3,172.666,-7.30368,1.96903,-0.212516,-0.295799,-0.050029,-68.9475,1
87.4,172.861,-7.32584,1.94515,-0.230665,-0.238879,-0.181485,-68.4653,1
87.5,173.055,-7.35026,1.93251,-0.257876,-0.126322,-0.272108,-67.9789,1
87.6,173.249,-7.37755,1.93443,-0.287815,0.0191328,-0.299389,-67.4804,1
87.7,173.443,-7.40759,1.95084,-0.312926,0.164149,-0.251108,-66.9653,1
87.8,173.639,-7.43954,1.97773,-0.32623,0.268886,-0.133042,-66.4329,1
87.9,173.839,-7.47204,2.00762,-0.323658,0.298895,0.0257204,-65.8876,1
88,174.041,-7.50351,2.03176,-0.305843,0.241377,0.178149,-65.3376,1
88.1,174.244,-7.53271,2.04318,-0.278104,0.114252,0.277392,-64.7934,1
88.2,174.448,-7.55903,2.03905,-0.24839,-0.0413485,0.297137,-64.2644,1
88.3,174.651,-7.58268,2.021,-0.224428,-0.180505,0.239621,-63.757,1
88.4,174.852,-7.60448,1.99387,-0.211617,-0.271273,0.128105,-63.273,1
88.5,175.05,-7.62567,1.96388,-0.212285,-0.299926,-0.00667843,-62.8096,1
88.6,175.245,-7.64758,1.93715,-0.225905,-0.267301,-0.136198,-62.3606,1
88.7,175.438,-7.67136,1.91882,-0.249654,-0.1833,-0.237489,-61.9184,1
88.8,175.629,-7.69779,1.91244,-0.278969,-0.0637303,-0.293153,-61.4751,1
88.9,175.821,-7.72715,1.91948,-0.308133,0.0703408,-0.291637,-61.0244,1
89,176.014,-7.75911,1.93878,-0.331099,0.193011,-0.229667,-60.5622,1
89.1,176.209,-7.7928,1.96644,-0.342712,0.276615,-0.116122,-60.0877,1
89.2,176.407,-7.82694,1.99633,-0.340122,0.29888,0.0258958,-59.6038,1
89.3,176.608,-7.86014,2.02152,-0.323838,0.251959,0.162839,-59.1165,1
89.4,176.811,-7.89122,2.03628,-0.297718,0.147554,0.261204,-58.6337,1
89.5,177.015,-7.91949,2.0376,-0.267747,0.0132353,0.299708,-58.1636,1
89.6,177.218,-7.94489,2.02574,-0.240192,-0.118624,0.275551,-57.7129,1
89.7,177.42,-7.9679,2.00352,-0.220031,-0.222159,0.201607,-57.2856,1
89.8,177.618,-7.98941,1.97518,-0.210209,-0.283467,0.0982173,-56.8822,1
89.9,177.814,-8.0105,1.94521,-0.211653,-0.299652,-0.0144379,-56.5005,1
90,178.008,-8.03227,1.91773,-0.223679,-0.274844,-0.120254,-56.1362,1
90.1,178.198,-8.05568,1.89608,-0.244451,-0.21645,-0.207724,-55.7838,1
90.2,178.387,-8.08147,1.88277,-0.271337,-0.133097,-0.268859,-55.4375,1
90.3,178.575,-8.11009,1.87936,-0.301142,-0.0341272,-0.298053,-55.0919,1
90.4,178.764,-8.14166,1.88636,-0.330313,0.0700376,-0.29171,-54.7422,1
90.5,178.953,-8.17594,1.90312,-0.355199,0.167537,-0.24886,-54.3853,1
90.6,179.145,-8.21232,1.92767,-0.372446,0.245466,-0.172472,-54.0196,1
90.7,179.339,-8.24992,1.95682,-0.37952,0.291541,-0.0707363,-53.6451,1
90.8,179.536,-8.28766,1.98651,-0.375245,0.296938,0.0427506,-53.2641,1
90.9,179.736,-8.32443,2.01245,-0.360163,0.259331,0.150822,-52.8803,1
91,179.938,-8.35926,2.0309,-0.336509,0.184525,0.236539,-52.4988,1
91.1,180.142,-8.39147,2.03944,-0.30775,0.0854016,0.287587,-52.1249,1
91.2,180.346,-8.42075,2.03727,-0.277829,-0.0216696,0.299216,-51.764,1
91.3,180.549,-8.44716,2.02514,-0.25039,-0.121298,0.274384,-51.42,1
91.4,180.75,-8.47109,2.0049,-0.228246,-0.202396,0.221441,-51.0958,1
91.5,180.949,-8.49317,1.97897,-0.213162,-0.259321,0.15084,-50.7923,1
91.6,181.146,-8.51412,1.94986,-0.205921,-0.291131,0.0724082,-50.5093,1
91.7,181.339,-8.53474,1.91986,-0.206535,-0.299937,-0.00613638,-50.245,1
91.8,181.53,-8.55579,1.89094,-0.214485,-0.289273,-0.0795063,-49.9973,1
91.9,181.718,-8.57796,1.86464,-0.228932,-0.262924,-0.144467,-49.7631,1
92,181.903,-8.60185,1.84221,-0.248853,-0.224312,-0.199209,-49.5393,1
92.1,182.086,-8.62795,1.82458,-0.273127,-0.176288,-0.24274,-49.3228,1
92.2,182.268,-8.65664,1.81246,-0.30057,-0.121202,-0.274427,-49.1106,1
92.3,182.449,-8.68816,1.80635,-0.329941,-0.0610961,-0.293713,-48.8998,1
92.4,182.63,-8.72266,1.80656,-0.35994,0.0020472,-0.299993,-48.6879,1
92.5,182.811,-8.76011,1.81317,-0.389204,0.0660607,-0.292636,-48.4727,1
92.6,182.993,-8.80039,1.826,-0.416317,0.128398,-0.271135,-48.2524,1
92.7,183.176,-8.8432,1.84461,-0.439853,0.186029,-0.235358,-48.0258,1
92.8,183.362,-8.88811,1.86816,-0.458441,0.235476,-0.185879,-47.7921,1
92.9,183.55,-8.93458,1.89546,-0.470872,0.273035,-0.124305,-47.5511,1
93,183.741,-8.98193,1.92498,-0.476224,0.295187,-0.0535229,-47.3033,1
93.1,183.935,-9.02944,1.95489,-0.473997,0.299172,0.022267,-47.0496,1
93.2,184.132,-9.07636,1.98326,-0.464216,0.283607,0.0978108,-46.7918,1
93.3,184.331,-9.12194,2.00815,-0.447477,0.248961,0.167387,-46.532,1
93.4,184.533,-9.16556,2.02792,-0.424915,0.197723,0.225623,-46.2727,1
93.5,184.737,-9.20671,2.04134,-0.398081,0.134139,0.268341,-46.0166,1
93.6,184.941,-9.24505,2.04769,-0.368762,0.0635615,0.293189,-45.7666,1
93.7,185.146,-9.28043,2.04685,-0.338774,-0.00842259,0.299882,-45.525,1
93.8,185.35,-9.31286,2.03917,-0.309774,-0.0768284,0.289996,-45.2941,1
93.9,185.553,-9.3425,2.02538,-0.28313,-0.137869,0.266443,-45.0756,1
94,185.755,-9.36965,2.00646,-0.259849,-0.189211,0.232808,-44.8706,1
94.1,185.955,-9.39467,1.98347,-0.240577,-0.229907,0.192725,-44.6799,1
94.2,186.152,-9.41798,1.95746,-0.225633,-0.260131,0.149438,-44.5037,1
94.3,186.346,-9.44002,1.92938,-0.215078,-0.280817,0.105555,-44.3418,1
94.4,186.537,-9.46121,1.90004,-0.20878,-0.293315,0.0629793,-44.1938,1
94.5,186.726,-9.48197,1.87013,-0.206483,-0.29912,0.0229636,-44.0589,1
94.6,186.911,-9.50269,1.84016,-0.207861,-0.299683,-0.0137791,-43.9364,1
94.7,187.094,-9.52371,1.81053,-0.212555,-0.296305,-0.0469425,-43.8252,1
94.8,187.274,-9.54535,1.78153,-0.220206,-0.290081,-0.0765044,-43.7244,1
94.9,187.45,-9.56788,1.75333,-0.230468,-0.281901,-0.102625,-43.6332,1
95,187.624,-9.59156,1.72609,-0.243026,-0.272455,-0.125571,-43.5504,1
95.1,187.796,-9.61659,1.69986,-0.257591,-0.262267,-0.145657,-43.4753,1
95.2,187.964,-9.64316,1.67469,-0.273913,-0.251717,-0.163214,-43.407,1
95.3,188.131,-9.67145,1.65058,-0.291769,-0.241073,-0.178561,-43.3448,1
95.4,188.294,-9.70159,1.62753,-0.310969,-0.230514,-0.191998,-43.2878,1
95.5,188.456,-9.7337,1.60552,-0.331348,-0.220155,-0.203794,-43.2355,1
95.6,188.616,-9.76791,1.58451,-0.352767,-0.210056,-0.214188,-43.1872,1
95.7,188.773,-9.8043,1.56449,-0.375106,-0.200242,-0.22339,-43.1423,1
95.8,188.929,-9.84297,1.54542,-0.398264,-0.190711,-0.23158,-43.1004,1
95.9,189.082,-9.88399,1.52727,-0.422155,-0.18144,-0.238913,-43.061,1
96,189.234,-9.92743,1.51003,-0.446707,-0.172396,-0.245519,-43.0237,1
96.1,189.384,-9.97336,1.49368,-0.471858,-0.163532,-0.25151,-42.988,1
96.2,189.533,-10.0218,1.4782,-0.497556,-0.154798,-0.256978,-42.9537,1
96.3,189.68,-10.0729,1.46359,-0.523756,-0.146139,-0.261999,-42.9203,1
96.4,189.826,-10.1266,1.44984,-0.550419,-0.137498,-0.266635,-42.8876,1
96.5,189.97,-10.183,1.43695,-0.577513,-0.128815,-0.270937,-42.8553,1
96.6,190.113,-10.2421,1.42495,-0.605007,-0.120031,-0.274941,-42.8231,1
96.7,190.255,-10.304,1.41384,-0.632874,-0.111087,-0.278675,-42.7908,1
96.8,190.396,-10.3687,1.40365,-0.66109,-0.101924,-0.282155,-42.7581,1
96.9,190.536,-10.4363,1.3944,-0.689629,-0.0924835,-0.285389,-42.7249,1
97,190.675,-10.5067,1.38613,-0.718466,-0.0827073,-0.288374,-42.6908,1
97.1,190.813,-10.58,1.37888,-0.747576,-0.0725396,-0.291098,-42.6557,1
97.2,190.951,-10.6562,1.37268,-0.77693,-0.0619259,-0.293539,-42.6194,1
97.3,191.088,-10.7354,1.3676,-0.806496,-0.0508141,-0.295665,-42.5817,1
97.4,191.224,-10.8175,1.36369,-0.83624,-0.0391548,-0.297434,-42.5424,1
97.5,191.36,-10.9026,1.361,-0.866119,-0.0269026,-0.298791,-42.5013,1
97.6,191.496,-10.9907,1.3596,-0.896086,-0.0140171,-0.299672,-42.4582,1
97.7,191.632,-11.0818,1.35955,-0.926086,-0.000464288,-0.3,-42.413,1
97.8,191.768,-11.1759,1.36093,-0.956055,0.0137817,-0.299683,-42.3655,1
97.9,191.905,-11.273,1.3638,-0.985917,0.0287366,-0.298621,-42.3156,1
98,192.041,-11.3731,1.36824,-1.01559,0.0444033,-0.296696,-42.2629,1
98.1,192.178,-11.4761,1.37432,-1.04496,0.0607696,-0.293781,-42.2075,1
98.2,192.316,-11.5821,1.3821,-1.07394,0.0778043,-0.289735,-42.1492,1
98.3,192.455,-11.6909,1.39164,-1.10238,0.0954543,-0.284409,-42.0877,1
98.4,192.595,-11.8025,1.40301,-1.13014,0.11364,-0.277643,-42.023,1
98.5,192.736,-11.9169,1.41623,-1.15707,0.132254,-0.269275,-41.955,1
98.6,192.878,-12.0339,1.43135,-1.18298,0.151153,-0.259138,-41.8835,1
98.7,193.022,-12.1534,1.44836,-1.20769,0.170158,-0.247075,-41.8084,1
98.8,193.168,-12.2754,1.46727,-1.23099,0.189051,-0.232937,-41.7297,1
98.9,193.316,-12.3995,1.48803,-1.25265,0.207572,-0.216596,-41.6474,1
99,193.465,-12.5258,1.51057,-1.27244,0.225421,-0.197953,-41.5613,1
99.1,193.618,-12.6539,1.5348,-1.29014,0.242257,-0.17695,-41.4716,1
99.2,193.772,-12.7837,1.56057,-1.30549,0.257708,-0.15358,-41.3781,1
99.3,193.93,-12.9149,1.5877,-1.31828,0.271371,-0.127897,-41.2811,1
99.4,194.09,-13.0472,1.61599,-1.32829,0.282833,-0.100028,-41.1806,1
99.5,194.253,-13.1804,1.64515,-1.3353,0.291676,-0.0701809,-41.0768,1
99.6,194.419,-13.3141,1.6749,-1.33917,0.2975,-0.038648,-40.9699,1
99.7,194.588,-13.4481,1.7049,-1.33975,0.299944,-0.00580898,-40.8601,1
99.8,194.76,-13.5819,1.73477,-1.33696,0.298702,0.0278749,-40.7477,1
99.9,194.935,-13.7153,1.76412,-1.33078,0.293551,0.0618703,-40.633,1
100,195.113,-13.8479,1.79256,-1.32122,0.284364,0.0955887,-40.5164,1
100.1,195.291,-13.9806,1.76454,-1.33194,-0.280172,-0.107255,-37.3335,1
